{"type":"FeatureCollection", "features": [
{"type":"Feature","geometry":{"type":"Polygon","coordinates":[[[54.3406297,56.2434921],[54.374895,56.2221528],[54.2748058,56.123781],[54.2337725,56.127646],[54.2180947,56.1032658],[54.1932758,56.0851463],[54.2285097,56.0553854],[54.2218258,56.0389186],[54.3107648,56.0283147],[54.325142,56.0425475],[54.3158701,56.0620224],[54.3381278,56.0770439],[54.3478611,56.1014054],[54.3361911,56.1173659],[54.2813849,56.1290317],[54.3341427,56.1798768],[54.410726,56.2399084],[54.5236508,56.2496629],[54.5283106,56.2395955],[54.6401546,56.2477719],[54.6875,56.27475],[54.6115,56.2845],[54.5975,56.2715],[54.55675,56.27625],[54.4920982,56.2474349],[54.431752,56.2379743],[54.3868066,56.2499545],[54.3990773,56.2643858],[54.3923346,56.2915484],[54.4248686,56.313495],[54.4480938,56.3455183],[54.4201142,56.3712223],[54.3774508,56.3782014],[54.3584477,56.3537855],[54.3647193,56.313338],[54.4161486,56.3112388],[54.3984889,56.2646995],[54.3406297,56.2434921]]]},"properties":{"name":"городской округ Нефтекамск"}},
{"type":"Feature","geometry":{"type":"Polygon","coordinates":[[[54.3406297,56.2434921],[54.2333283,56.1980241],[54.1995402,56.2008647],[54.1675902,56.1614457],[54.0879202,56.1083299],[54.0817437,56.082758],[54.0357823,56.0220814],[54.014881,56.0094741],[53.9741646,56.0053886],[53.9539938,56.0145004],[53.8453601,56.044852],[53.8414635,56.017905],[53.8071389,56.0022459],[53.8181919,55.972239],[53.7089266,55.9690344],[53.7057249,55.9330428],[53.7177187,55.9114924],[53.7607926,55.9085212],[53.7841061,55.895104],[53.8647406,55.8874867],[53.8937193,55.8743277],[53.8888098,55.8596566],[53.9216273,55.8469793],[53.9307859,55.8635019],[53.9243308,55.8930589],[53.9560487,55.9096756],[54.0260297,55.9236808],[54.0577833,55.9227842],[54.065839,55.908307],[54.003809,55.8935542],[54.0249937,55.8779604],[54.0555686,55.873054],[54.0691954,55.856925],[54.039531,55.8312148],[53.9696741,55.8315646],[53.9423121,55.8128676],[53.9562474,55.7805163],[54.0400331,55.8084088],[54.0587758,55.8050992],[54.0750932,55.7807967],[54.1527688,55.79086],[54.1759103,55.806998],[54.202925,55.8048463],[54.1870635,55.7779392],[54.2293448,55.7734001],[54.2516954,55.7604754],[54.3009219,55.7899736],[54.32,55.7807],[54.3051491,55.7643736],[54.3358405,55.7445886],[54.3982914,55.7522946],[54.4318396,55.746771],[54.4627831,55.7299919],[54.509654,55.6871414],[54.5539627,55.7046328],[54.6030516,55.7208729],[54.6606726,55.7184034],[54.6922997,55.733463],[54.676507,55.7721396],[54.5896229,55.7826989],[54.5595502,55.8067415],[54.5588731,55.8250461],[54.6310094,55.8254684],[54.6250623,55.8396601],[54.6839331,55.8613447],[54.654064,55.8987051],[54.6279715,55.8945664],[54.6367262,55.8639457],[54.5862218,55.8448915],[54.4330535,55.8523753],[54.4538053,55.8743988],[54.4482001,55.9186187],[54.4212163,55.9385284],[54.4537624,55.9884566],[54.4345159,56.016564],[54.4591802,56.0335757],[54.4488564,56.0530009],[54.4035314,56.0979162],[54.4211576,56.1139682],[54.4629452,56.1134553],[54.4863139,56.130147],[54.4805094,56.1531604],[54.5553733,56.1370936],[54.5649981,56.1230552],[54.6327493,56.1753248],[54.6007457,56.1834607],[54.5923743,56.2106566],[54.5547443,56.2011234],[54.4499142,56.1897527],[54.3693997,56.1979084],[54.3341427,56.1798768],[54.2813849,56.1290317],[54.3361911,56.1173659],[54.3478611,56.1014054],[54.3381278,56.0770439],[54.3158701,56.0620224],[54.325142,56.0425475],[54.3107648,56.0283147],[54.2218258,56.0389186],[54.2285097,56.0553854],[54.1932758,56.0851463],[54.2180947,56.1032658],[54.2337725,56.127646],[54.2748058,56.123781],[54.374895,56.2221528],[54.3406297,56.2434921]]]},"properties":{"name":"Краснокамский район"}},
{"type":"Feature","geometry":{"type":"Polygon","coordinates":[[[53.4325607,54.2938295],[53.4261768,54.2842829],[53.4460985,54.2585778],[53.423514,54.2307946],[53.4417138,54.1846526],[53.4697912,54.1390506],[53.4725059,54.0987539],[53.4958084,54.057735],[53.5159126,54.0503554],[53.4979301,54.0265962],[53.53581,53.9960167],[53.5316,53.9776141],[53.5682064,53.9471807],[53.5677681,53.9211749],[53.5894663,53.8970097],[53.5833113,53.8783358],[53.5984182,53.8654733],[53.5981989,53.8415069],[53.6300656,53.8059315],[53.6272236,53.7913485],[53.644772,53.7531184],[53.6720949,53.7493802],[53.7829707,53.704404],[53.7981347,53.7401342],[53.7913945,53.7592114],[53.8326227,53.7585103],[53.8681365,53.7680686],[53.9311865,53.821529],[53.9351724,53.8385681],[53.9753548,53.8321475],[53.9948535,53.8526774],[54.043891,53.8571373],[54.0264476,53.8743399],[54.0303577,53.9098154],[54.0061379,53.9100348],[53.9776729,53.924896],[53.9556481,53.8996351],[53.9665262,53.8861209],[53.9372665,53.8747598],[53.9093131,53.8994039],[53.9370855,53.9175112],[53.9238044,53.9489985],[53.8536475,53.9518959],[53.8422591,53.9711358],[53.8485346,53.9893589],[53.886523,54.0026237],[53.8908761,54.043736],[53.8328671,54.0625043],[53.8712182,54.1127622],[53.8293345,54.1367555],[53.8615548,54.1780782],[53.862462,54.2134448],[53.8278492,54.2165267],[53.8263736,54.2624653],[53.779383,54.2633038],[53.772173,54.2718278],[53.6788131,54.2775645],[53.6211527,54.3066506],[53.5060787,54.2863351],[53.4325607,54.2938295]]]},"properties":{"name":"Ермекеевский район"}},
{"type":"Feature","geometry":{"type":"Polygon","coordinates":[[[53.4295404,54.4304591],[53.3969055,54.3699434],[53.4320116,54.3279606],[53.4192946,54.3015122],[53.4325607,54.2938295],[53.5060787,54.2863351],[53.6211527,54.3066506],[53.6788131,54.2775645],[53.772173,54.2718278],[53.779383,54.2633038],[53.8238304,54.290949],[53.8560684,54.3040391],[53.8935496,54.3019769],[53.8976188,54.3203292],[53.9441707,54.3173135],[53.9395525,54.3343539],[53.9998106,54.3313637],[54.0202646,54.3178949],[54.0407142,54.2887334],[54.0376787,54.2687489],[54.0917161,54.2643638],[54.0920057,54.2789046],[54.1579169,54.2857571],[54.1722301,54.3300577],[54.1860475,54.3510315],[54.2294305,54.3395616],[54.269177,54.3861075],[54.2975229,54.4025428],[54.286943,54.428775],[54.2625543,54.4378288],[54.3061714,54.4715584],[54.3132382,54.4852853],[54.2818492,54.526356],[54.2844749,54.5549234],[54.3234848,54.5940829],[54.2998461,54.6058305],[54.3377641,54.6304276],[54.2240418,54.6757625],[54.2345869,54.6834775],[54.1819867,54.7105966],[54.228169,54.7204903],[54.1960822,54.7297787],[54.1410079,54.7140775],[54.1425217,54.7021249],[54.0473751,54.6772454],[54.0098189,54.6858893],[54.0175379,54.7101111],[53.8972518,54.7131377],[53.8437799,54.7078204],[53.8249814,54.7340922],[53.8228216,54.7574339],[53.7529648,54.731661],[53.6930497,54.7409602],[53.708594,54.7692045],[53.7018384,54.7911749],[53.6263444,54.8001172],[53.6175336,54.7652014],[53.632936,54.7546716],[53.6177229,54.6969798],[53.5608083,54.6596586],[53.528302,54.6227357],[53.4667655,54.5889849],[53.4625421,54.5662027],[53.5066663,54.5291128],[53.5496835,54.5321149],[53.5529792,54.501416],[53.5877331,54.4891335],[53.5410059,54.4630549],[53.4997033,54.4598987],[53.5004071,54.4363866],[53.4771023,54.4230822],[53.4439296,54.4178371],[53.4295404,54.4304591]]]},"properties":{"name":"Туймазинский район"}},
{"type":"Feature","geometry":{"type":"Polygon","coordinates":[[[55.477983,54.0137791],[55.4651479,53.9859647],[55.4833254,53.9726743],[55.4898522,53.9278931],[55.5171285,53.9263993],[55.5220654,53.9099308],[55.5756192,53.9022516],[55.5853253,53.881564],[55.5759082,53.8236242],[55.5501181,53.8275127],[55.5331362,53.7989171],[55.5456026,53.7720775],[55.6402808,53.7826597],[55.6821667,53.7726698],[55.714167,53.7878536],[55.77081,53.7821252],[55.8084093,53.769754],[55.8341018,53.7800348],[55.8493026,53.8150252],[55.8696786,53.8423665],[55.9155223,53.874793],[55.9510965,53.8625498],[55.9554396,53.8850336],[55.9844748,53.8960625],[56.0595592,53.8904726],[56.0750223,53.9255433],[56.1281213,53.9265849],[56.1852585,53.9037014],[56.203809,53.9080451],[56.2250087,53.9451922],[56.2079688,53.9684187],[56.1738722,53.9633789],[56.1375201,53.9795476],[56.1531866,53.9922268],[56.1897022,53.9859227],[56.1921445,54.0122185],[56.2300898,54.0195686],[56.2245499,54.0438495],[56.2440288,54.0671024],[56.2852503,54.0723107],[56.3073396,54.0588072],[56.3315483,54.0719516],[56.3217959,54.0840584],[56.373418,54.144047],[56.3284289,54.1418241],[56.3048711,54.1709457],[56.2729673,54.1631979],[56.2153838,54.1612994],[56.1823103,54.1520839],[56.155111,54.1727336],[56.1024346,54.1554598],[56.0628084,54.1676617],[56.0860643,54.1859058],[56.0948429,54.2175161],[56.0583693,54.2474246],[56.004699,54.2607518],[56.0105325,54.279241],[55.9883177,54.2871002],[55.9037963,54.2799982],[55.8599268,54.2463547],[55.7952215,54.2520962],[55.7739427,54.2431449],[55.7275555,54.2460427],[55.7168742,54.2580774],[55.6481327,54.2577208],[55.6189881,54.2496089],[55.5671077,54.2235685],[55.5650403,54.2022797],[55.6047973,54.1413267],[55.5886082,54.1264656],[55.5793155,54.092487],[55.5442891,54.0835076],[55.5046164,54.0873861],[55.5131485,54.0590946],[55.5119591,54.0238495],[55.477983,54.0137791]]]},"properties":{"name":"Аургазинский район"}},
{"type":"Feature","geometry":{"type":"Polygon","coordinates":[[[56.1852585,53.9037014],[56.1772324,53.8954038],[56.2418702,53.8713313],[56.2158613,53.8233258],[56.1623072,53.8234877],[56.1157218,53.7855107],[56.1383835,53.7714063],[56.1367544,53.7554541],[56.1595637,53.7449033],[56.1780351,53.7058509],[56.1649331,53.7016925],[56.1876292,53.6843808],[56.1781531,53.6567223],[56.2284036,53.6499484],[56.2655911,53.6625548],[56.2817951,53.6871066],[56.3427421,53.7029685],[56.3474377,53.7341799],[56.4016154,53.7296131],[56.3916749,53.6942361],[56.4670005,53.6926591],[56.4892955,53.7163391],[56.4975172,53.7629906],[56.5336394,53.7468727],[56.5438408,53.703017],[56.5637675,53.6993155],[56.6096396,53.72795],[56.6247497,53.7258541],[56.6476395,53.7629936],[56.5545676,53.779572],[56.5782687,53.8010973],[56.6108727,53.8058261],[56.6455302,53.7966827],[56.7427513,53.8245642],[56.7802397,53.8291742],[56.8637548,53.8170915],[56.9450567,53.860829],[56.9829162,53.8384495],[57.0080859,53.8426694],[57.0326579,53.8319848],[57.0720109,53.8425587],[57.1675229,53.8415413],[57.1614349,53.9056917],[57.1333147,53.9776818],[57.1300565,54.0019829],[57.1375953,54.0469649],[57.1267703,54.0779433],[57.0907074,54.1265216],[57.1176436,54.1904519],[57.1179926,54.2052636],[57.1415825,54.2318542],[57.0907712,54.2210625],[57.0084207,54.2211134],[56.9374378,54.2287869],[56.83016,54.2593508],[56.7896379,54.2494863],[56.7806863,54.2305778],[56.6857328,54.2360184],[56.6045277,54.2511953],[56.6129779,54.2738453],[56.5347682,54.3106135],[56.4976444,54.317984],[56.4982222,54.2973938],[56.4581883,54.2737345],[56.4415725,54.2128343],[56.3954658,54.1811875],[56.3987373,54.1688652],[56.373418,54.144047],[56.3217959,54.0840584],[56.3315483,54.0719516],[56.3073396,54.0588072],[56.2852503,54.0723107],[56.2440288,54.0671024],[56.2245499,54.0438495],[56.2300898,54.0195686],[56.1921445,54.0122185],[56.1897022,53.9859227],[56.1531866,53.9922268],[56.1375201,53.9795476],[56.1738722,53.9633789],[56.2079688,53.9684187],[56.2250087,53.9451922],[56.203809,53.9080451],[56.1852585,53.9037014]]]},"properties":{"name":"Гафурийский район"}},
{"type":"Feature","geometry":{"type":"Polygon","coordinates":[[[54.5649981,56.1230552],[54.5553733,56.1370936],[54.4805094,56.1531604],[54.4863139,56.130147],[54.4629452,56.1134553],[54.4211576,56.1139682],[54.4035314,56.0979162],[54.4488564,56.0530009],[54.4591802,56.0335757],[54.4345159,56.016564],[54.4537624,55.9884566],[54.4212163,55.9385284],[54.4482001,55.9186187],[54.4538053,55.8743988],[54.4330535,55.8523753],[54.5862218,55.8448915],[54.6367262,55.8639457],[54.6279715,55.8945664],[54.654064,55.8987051],[54.6839331,55.8613447],[54.6250623,55.8396601],[54.6310094,55.8254684],[54.5588731,55.8250461],[54.5595502,55.8067415],[54.5896229,55.7826989],[54.676507,55.7721396],[54.6922997,55.733463],[54.7069758,55.7478685],[54.805638,55.7590168],[54.7579815,55.7314619],[54.8100902,55.7261186],[54.8741726,55.7486831],[54.8861571,55.762641],[54.8679945,55.7776451],[54.9099663,55.7912825],[54.9429658,55.8334489],[54.9884645,55.8509462],[55.0689129,55.8464935],[55.0805317,55.8620294],[55.1239135,55.8497104],[55.1659576,55.8577443],[55.1756073,55.8756674],[55.2304297,55.8866874],[55.2331666,55.9110683],[55.2040989,55.9509342],[55.2382884,55.9865587],[55.2945277,55.9744823],[55.3164099,55.9546198],[55.347157,55.9584936],[55.3500718,55.9959092],[55.4006626,56.0075272],[55.3934401,56.0343933],[55.3398177,56.0391617],[55.3235981,56.0529518],[55.2703729,56.0676723],[55.2420005,56.0569667],[55.2162591,56.0708905],[55.1736831,56.0519814],[55.1692198,56.034075],[55.1947983,56.024499],[55.1184531,55.9963996],[55.0678288,56.0010785],[55.0619948,56.0464291],[54.9974703,56.042989],[54.9250569,56.0342557],[54.8607102,56.0623138],[54.8281774,56.094095],[54.738871,56.0925525],[54.7225811,56.1138795],[54.6574622,56.1002035],[54.6285832,56.1044378],[54.6112822,56.1196339],[54.5649981,56.1230552]]]},"properties":{"name":"Калтасинский район"}},
{"type":"Feature","geometry":{"type":"Polygon","coordinates":[[[55.9944367,54.9080478],[56.0538764,54.8745669],[56.0472874,54.8282761],[56.0277756,54.8010949],[55.98302,54.7767393],[55.9669252,54.8091775],[55.9073382,54.8148972],[55.8946102,54.7982558],[55.8447084,54.7943621],[55.8520523,54.7785142],[55.835953,54.762681],[55.7975207,54.7515424],[55.8089011,54.7174078],[55.778613,54.6892235],[55.800074,54.6802329],[55.891022,54.6581115],[55.9308098,54.641935],[55.9269256,54.6186609],[55.8837476,54.5307969],[55.9121892,54.5069153],[55.9463981,54.5225308],[55.9745408,54.5459069],[55.9741154,54.5477867],[55.950539,54.5684008],[55.9135415,54.5758792],[55.9274258,54.5936574],[55.9319863,54.6417871],[56.0017535,54.6467643],[56.0023482,54.6367955],[56.0502132,54.5845302],[56.0716915,54.5670256],[56.0889855,54.5929791],[56.1053508,54.5951689],[56.152893,54.6052054],[56.1631428,54.6207144],[56.1564398,54.6633726],[56.1984427,54.6657132],[56.1729774,54.7037683],[56.225513,54.7240335],[56.2624661,54.7663694],[56.2473875,54.7998376],[56.229483,54.8070493],[56.2486301,54.8264716],[56.2985557,54.8542172],[56.2827257,54.8708213],[56.2570645,54.8995725],[56.2060552,54.8960712],[56.1406186,54.8979481],[56.1618761,54.9160861],[56.1521116,54.9381372],[56.1362665,54.9600475],[56.0738151,54.9483563],[56.0499485,54.949743],[56.0394546,54.9307254],[55.9944367,54.9080478]]]},"properties":{"name":"городской округ Уфа"}},
{"type":"Feature","geometry":{"type":"Polygon","coordinates":[[[55.8477891,52.8936025],[55.8178317,52.879222],[55.8236507,52.8529423],[55.8389454,52.8495628],[55.8329999,52.814544],[55.7805096,52.8126895],[55.753192,52.7897019],[55.7393653,52.7410544],[55.7733168,52.7244281],[55.7643614,52.7041829],[55.7142087,52.6952455],[55.6849127,52.7001473],[55.6484899,52.6950466],[55.6467691,52.6781406],[55.6735541,52.6670515],[55.7020817,52.6924242],[55.7648036,52.7039471],[55.7790972,52.7291815],[55.8377889,52.7322404],[55.8608802,52.7406571],[55.8898775,52.7674765],[55.8727896,52.7935183],[55.9443099,52.8658769],[55.9485583,52.8889414],[55.9128796,52.8956665],[55.854564,52.8877851],[55.8477891,52.8936025]]]},"properties":{"name":"городской округ Кумертау"}},
{"type":"Feature","geometry":{"type":"Polygon","coordinates":[[[56.0325467,52.8204812],[55.9873152,52.7638858],[56.0529371,52.7653672],[56.0540639,52.7900511],[56.0777938,52.796419],[56.073653,52.7605323],[56.1134359,52.7551557],[56.1338611,52.765193],[56.1722854,52.7593341],[56.165597,52.7141317],[56.1475143,52.6718873],[56.1910415,52.6617824],[56.189146,52.6436233],[56.1510602,52.6243131],[56.1657948,52.6008447],[56.2097406,52.5858144],[56.2193883,52.5726546],[56.262206,52.5458692],[56.3325578,52.5853143],[56.3710536,52.5977539],[56.4168827,52.6036036],[56.444664,52.5821262],[56.4059962,52.5597265],[56.4293178,52.5437454],[56.3735877,52.5299606],[56.3815435,52.509094],[56.3510953,52.4969409],[56.3826542,52.4198619],[56.4234164,52.4234082],[56.4434262,52.4453054],[56.4441551,52.4711664],[56.4939801,52.4474009],[56.4955401,52.4330425],[56.4619853,52.430641],[56.4407196,52.4062663],[56.4327441,52.3751944],[56.4443963,52.3513245],[56.4340809,52.3311105],[56.4540066,52.3178205],[56.4550195,52.298115],[56.4259806,52.2925841],[56.4224116,52.2742299],[56.4755541,52.2592745],[56.4716455,52.233573],[56.5133382,52.2336518],[56.5612828,52.2435843],[56.5625074,52.2594477],[56.6126259,52.2911857],[56.645505,52.3032229],[56.6473533,52.3543012],[56.7232172,52.3512998],[56.7321017,52.3819164],[56.7660757,52.3803873],[56.7663888,52.3977773],[56.7959316,52.3976583],[56.8268218,52.411245],[56.8312055,52.4280501],[56.8623614,52.4266181],[56.8645984,52.4430498],[56.9421885,52.4359567],[56.9689437,52.435901],[56.9765828,52.4604769],[56.9385085,52.4641461],[56.9651412,52.5607514],[56.9353083,52.5622015],[56.8908147,52.5781776],[56.9382381,52.5882295],[56.951717,52.5994941],[56.9022599,52.6069421],[56.904341,52.6331539],[56.957588,52.6530618],[56.9531991,52.6668339],[56.9699477,52.6893903],[57.0015229,52.6836118],[57.0327465,52.6882043],[57.1379721,52.6879296],[57.1387992,52.7048232],[57.1745497,52.7017896],[57.1867581,52.7345527],[57.1181328,52.7405368],[57.1342823,52.7738634],[57.1323599,52.8484728],[57.1025197,52.8448933],[57.0943662,52.8702072],[56.8902728,52.859449],[56.8876041,52.8903314],[56.8656393,52.9054902],[56.8266771,52.9023886],[56.7717662,52.9330543],[56.7447489,52.9626719],[56.7233528,52.9657075],[56.7106912,52.9901417],[56.648126,52.9891161],[56.6650942,52.9675956],[56.61699,52.9551145],[56.5891835,52.9748694],[56.5898493,53.0026909],[56.5485623,53.0059556],[56.5075937,52.9939219],[56.5052491,52.9713732],[56.4805783,52.9496243],[56.4276858,52.9543844],[56.384887,52.9492522],[56.3812352,52.9312816],[56.3360277,52.9017758],[56.2778404,52.8782551],[56.242617,52.8941063],[56.2120954,52.8797634],[56.1460542,52.873024],[56.1263711,52.8436641],[56.0847961,52.8528198],[56.0521114,52.8101762],[56.0325467,52.8204812]]]},"properties":{"name":"Кугарчинский район"}},
{"type":"Feature","geometry":{"type":"Polygon","coordinates":[[[55.6227678,52.9160698],[55.5733626,52.9158307],[55.5290491,52.9095485],[55.5255,52.9319416],[55.4853134,52.915421],[55.4507445,52.9158379],[55.4227637,52.939742],[55.4014776,52.9156308],[55.3245733,52.8959594],[55.2512269,52.9060015],[55.2649346,52.9485624],[55.2393633,52.9472537],[55.1976298,52.9635295],[55.1795095,52.9519147],[55.1494877,52.959958],[55.1231288,52.9338447],[55.143857,52.9030524],[55.1350593,52.8917392],[55.1651001,52.8630675],[55.1877592,52.8653993],[55.2335786,52.8845167],[55.2625603,52.8611215],[55.2681891,52.8395277],[55.2729798,52.8275945],[55.3201758,52.8480102],[55.349626,52.8521209],[55.4208267,52.7908424],[55.3890555,52.7890387],[55.3399829,52.7676404],[55.3677975,52.740123],[55.4166251,52.7468674],[55.4270817,52.7331121],[55.3951155,52.6998589],[55.3736889,52.7078596],[55.3483435,52.6857666],[55.3154968,52.6939844],[55.2662806,52.7383859],[55.2257196,52.7410133],[55.2170766,52.7217793],[55.2690453,52.7001145],[55.2640398,52.6450925],[55.2806184,52.6304185],[55.3528653,52.6383664],[55.3681519,52.6752618],[55.4036007,52.6677204],[55.4639373,52.6246124],[55.4370278,52.5853601],[55.4692814,52.5835572],[55.5241018,52.6042158],[55.5300341,52.575909],[55.5100613,52.555206],[55.4793667,52.5414806],[55.4745267,52.5231587],[55.5251918,52.5139384],[55.5014795,52.4987578],[55.4999968,52.4620451],[55.5425152,52.4485862],[55.528543,52.4310704],[55.4961958,52.416898],[55.5250966,52.3875601],[55.5542695,52.3922403],[55.6182746,52.3718953],[55.6749837,52.3678737],[55.6656407,52.4013305],[55.7028329,52.3970619],[55.7331899,52.3514994],[55.7704823,52.3471874],[55.7981977,52.3769247],[55.8234173,52.3649617],[55.857774,52.3895304],[55.8820598,52.3961547],[55.8482364,52.4703085],[55.8632474,52.4960933],[55.8722313,52.5345005],[55.9081333,52.5599448],[55.9119977,52.5359358],[55.9440624,52.5152938],[55.9681385,52.5468982],[56.0064148,52.5489071],[56.0366093,52.5702407],[56.0739659,52.6213038],[56.1101907,52.6193405],[56.1254349,52.6335718],[56.1510602,52.6243131],[56.189146,52.6436233],[56.1910415,52.6617824],[56.1475143,52.6718873],[56.165597,52.7141317],[56.1722854,52.7593341],[56.1338611,52.765193],[56.1134359,52.7551557],[56.073653,52.7605323],[56.0777938,52.796419],[56.0540639,52.7900511],[56.0529371,52.7653672],[55.9873152,52.7638858],[56.0325467,52.8204812],[55.9799434,52.8699307],[55.9938332,52.8827613],[55.9485583,52.8889414],[55.9443099,52.8658769],[55.8727896,52.7935183],[55.8898775,52.7674765],[55.8608802,52.7406571],[55.8377889,52.7322404],[55.7790972,52.7291815],[55.7648036,52.7039471],[55.7020817,52.6924242],[55.6735541,52.6670515],[55.6467691,52.6781406],[55.6484899,52.6950466],[55.6849127,52.7001473],[55.7142087,52.6952455],[55.7643614,52.7041829],[55.7733168,52.7244281],[55.7393653,52.7410544],[55.753192,52.7897019],[55.7805096,52.8126895],[55.8329999,52.814544],[55.8389454,52.8495628],[55.8236507,52.8529423],[55.8178317,52.879222],[55.8477891,52.8936025],[55.8706423,52.9053411],[55.8436572,52.9267884],[55.8077511,52.8980018],[55.7507044,52.8899429],[55.7569422,52.8611847],[55.6811624,52.8507959],[55.6865849,52.8720102],[55.6279624,52.9025001],[55.6227678,52.9160698]]]},"properties":{"name":"Куюргазинский район"}},
{"type":"Feature","geometry":{"type":"Polygon","coordinates":[[[54.8698153,53.2355283],[54.9272619,53.2121668],[54.9455705,53.1751415],[54.9564625,53.119128],[54.9413062,53.1013919],[54.9948471,53.0582349],[55.0040395,53.0283114],[55.0383219,52.9992585],[55.0512372,52.961385],[55.0639799,52.9478749],[55.1227484,52.914446],[55.1352374,52.8981987],[55.1251887,52.8650365],[55.1550267,52.8481767],[55.138172,52.8119184],[55.1795196,52.8170288],[55.1910107,52.8379593],[55.2422868,52.8177965],[55.2681891,52.8395277],[55.2625603,52.8611215],[55.2335786,52.8845167],[55.1877592,52.8653993],[55.1651001,52.8630675],[55.1350593,52.8917392],[55.143857,52.9030524],[55.1231288,52.9338447],[55.1494877,52.959958],[55.1795095,52.9519147],[55.1976298,52.9635295],[55.2393633,52.9472537],[55.2649346,52.9485624],[55.2512269,52.9060015],[55.3245733,52.8959594],[55.4014776,52.9156308],[55.4227637,52.939742],[55.4507445,52.9158379],[55.4853134,52.915421],[55.5255,52.9319416],[55.5290491,52.9095485],[55.5733626,52.9158307],[55.6227678,52.9160698],[55.6248912,53.003232],[55.6015469,53.0330509],[55.6609362,53.0607643],[55.6536943,53.0737762],[55.6762676,53.090778],[55.6268746,53.0951244],[55.606666,53.1175163],[55.6079416,53.1508517],[55.6289141,53.182256],[55.662242,53.1695445],[55.6734097,53.1916469],[55.6559688,53.2000884],[55.5501722,53.2149529],[55.5305942,53.2043777],[55.5199005,53.1812117],[55.4501327,53.1881318],[55.4618437,53.1995623],[55.3699516,53.2096744],[55.4067645,53.2234005],[55.4055699,53.2382571],[55.2981174,53.2446223],[55.2596911,53.2559636],[55.2233819,53.2447432],[55.208843,53.2714171],[55.2329074,53.3195354],[55.2057512,53.3155455],[55.1631137,53.3258485],[55.1129272,53.3278246],[55.0347649,53.3478483],[54.9934531,53.3343527],[54.9767359,53.2993992],[54.949462,53.2826264],[54.8968832,53.2635117],[54.8698153,53.2355283]]]},"properties":{"name":"Фёдоровский район"}},
{"type":"Feature","geometry":{"type":"Polygon","coordinates":[[[57.8291394,53.0019244],[57.8902197,52.9998915],[57.8802065,52.9637262],[57.851274,52.9664063],[57.8376542,52.9254664],[57.8706452,52.9232376],[57.8762349,52.9383669],[57.9082175,52.9357747],[57.8992182,52.9023713],[57.864943,52.9044924],[57.8516722,52.8645558],[57.8230984,52.8690845],[57.8173175,52.8502547],[57.8742162,52.8440537],[57.8690299,52.8219469],[57.9033654,52.8158826],[57.8952275,52.773045],[57.8733799,52.7683703],[57.7862636,52.7823926],[57.7570571,52.7711486],[57.7349444,52.7928361],[57.7198997,52.7603858],[57.7014621,52.7633547],[57.6785904,52.7377615],[57.7034431,52.7288213],[57.6871554,52.7064887],[57.6909367,52.6708453],[57.669379,52.6566765],[57.6855914,52.6297576],[57.7250998,52.6587674],[57.7790783,52.6439123],[57.7579467,52.6343743],[57.6995821,52.6232991],[57.6786511,52.6249601],[57.6774261,52.5924237],[57.6454511,52.5787493],[57.6158672,52.5797864],[57.5978036,52.5255664],[57.5628495,52.5268373],[57.5586413,52.5077268],[57.5265856,52.5091931],[57.5127277,52.4641764],[57.5280261,52.4489366],[57.5443169,52.3982873],[57.5929114,52.4031111],[57.6489117,52.3973197],[57.7075613,52.378292],[57.7577183,52.4116253],[57.820419,52.3993324],[57.8158772,52.3674786],[57.9126241,52.3729283],[57.9183786,52.4078477],[58.0130511,52.4281847],[58.0377094,52.436547],[58.0887381,52.4193757],[58.0654279,52.4072736],[58.0701765,52.3806227],[58.1622512,52.3837114],[58.1950893,52.3726762],[58.189781,52.3616549],[58.2097492,52.3616858],[58.2616669,52.3433238],[58.2766984,52.3633789],[58.2701514,52.3794729],[58.3710697,52.3797564],[58.4010274,52.3759216],[58.4435737,52.3479892],[58.4728396,52.3363275],[58.5141116,52.3477493],[58.5219802,52.3135584],[58.5525035,52.3172252],[58.6684423,52.2986245],[58.6977151,52.297114],[58.7425545,52.2586696],[58.8847084,52.2444774],[58.9039476,52.2732088],[58.9531641,52.2870811],[58.9432859,52.3007379],[58.9454276,52.3396888],[58.900391,52.3423988],[58.8370058,52.3557839],[58.8549267,52.4258061],[58.7961479,52.4317922],[58.7978496,52.4686167],[58.7701779,52.4711707],[58.781245,52.5203942],[58.8382913,52.5208206],[58.8378644,52.5564211],[58.8240275,52.5932987],[58.7812353,52.5920838],[58.7810294,52.6105929],[58.7510163,52.6110183],[58.7510148,52.6579003],[58.7767707,52.6615192],[58.8046568,52.6950863],[58.7795339,52.7873184],[58.7619006,52.823152],[58.6804099,52.8175604],[58.6463296,52.8359028],[58.6333757,52.8565551],[58.6512485,52.8774188],[58.687052,52.8905036],[58.6944397,52.9210882],[58.6866857,52.9538738],[58.6258409,52.9678074],[58.6204992,52.9905294],[58.504045,53.0160278],[58.3899379,53.0279709],[58.3130692,53.0308233],[58.3028597,53.1155902],[58.3135376,53.1628025],[58.1671977,53.2205591],[58.118595,53.2252028],[58.1416481,53.1560385],[58.0690609,53.0949961],[58.0401591,53.0754881],[57.999531,53.1101647],[57.9594748,53.1242906],[57.91567,53.1221841],[57.9064066,53.1118548],[57.8195994,53.070314],[57.8339651,53.0558553],[57.8170066,53.0438586],[57.8291394,53.0019244]],[[58.5847298,52.6899847],[58.5951591,52.7076844],[58.5881244,52.7277144],[58.6083393,52.7513978],[58.6617007,52.7425396],[58.6996398,52.7561743],[58.7625311,52.7602832],[58.7616893,52.7357212],[58.7375518,52.7018817],[58.6855929,52.7017153],[58.6603007,52.6754047],[58.6122054,52.6692689],[58.5847298,52.6899847]]]},"properties":{"name":"Баймакский район"}},
{"type":"Feature","geometry":{"type":"Polygon","coordinates":[[[57.318745,51.9706137],[57.3306184,51.9626131],[57.3329553,51.9286211],[57.3019686,51.8951135],[57.3156834,51.8532052],[57.3018694,51.824266],[57.3123483,51.8102472],[57.2724208,51.7789944],[57.3428607,51.7445635],[57.360006,51.726543],[57.3782911,51.6715247],[57.4072745,51.6913956],[57.3959355,51.7272772],[57.4813134,51.7259039],[57.4990935,51.7210941],[57.5294135,51.7324324],[57.5737346,51.7256473],[57.589882,51.7440715],[57.6287055,51.7504281],[57.640816,51.7672203],[57.6109246,51.7851072],[57.6697601,51.8303734],[57.6390096,51.8538648],[57.6553289,51.8688104],[57.7151968,51.8600285],[57.7251612,51.8343037],[57.7543651,51.8253711],[57.84378,51.8262311],[57.8443809,51.8379125],[57.9124084,51.8358304],[57.9550978,51.8215512],[57.9551845,51.7937863],[58.1095348,51.7918769],[58.1144316,51.7616856],[58.1427768,51.7491026],[58.1646575,51.7183659],[58.2050498,51.7350383],[58.257273,51.7334929],[58.2587327,51.7507788],[58.3134466,51.7522611],[58.3291646,51.7702344],[58.4034622,51.7713519],[58.4032902,51.7785669],[58.4885127,51.7805922],[58.4984602,51.7701504],[58.5749052,51.7716974],[58.5747318,51.8270339],[58.6154453,51.826519],[58.6191372,51.875113],[58.6556414,51.8930007],[58.659162,51.9251676],[58.6591861,52.0305548],[58.71282,52.0379833],[58.7130984,52.0797327],[58.6527155,52.0787872],[58.6515114,52.1300653],[58.6167245,52.1365927],[58.6612153,52.1994669],[58.6600279,52.2630567],[58.6684423,52.2986245],[58.5525035,52.3172252],[58.5219802,52.3135584],[58.5141116,52.3477493],[58.4728396,52.3363275],[58.4435737,52.3479892],[58.4010274,52.3759216],[58.3710697,52.3797564],[58.2701514,52.3794729],[58.2766984,52.3633789],[58.2616669,52.3433238],[58.2097492,52.3616858],[58.189781,52.3616549],[58.1632418,52.3226758],[58.1839736,52.2977028],[58.184237,52.2721185],[58.1508307,52.2693703],[58.1508084,52.2394249],[58.1155694,52.2272558],[58.0523127,52.2234345],[58.0243725,52.1947855],[58.0046454,52.1944223],[57.9991788,52.12847],[58.0035524,52.1124069],[57.9631642,52.1049735],[57.9368429,52.0908594],[57.9329716,52.0753498],[57.8115473,52.0712437],[57.815187,52.0478587],[57.8067351,52.0128864],[57.7945031,52.0001198],[57.6579885,51.9997474],[57.6698022,51.9741849],[57.6429437,51.9655931],[57.5762095,51.9727375],[57.5443198,52.0015416],[57.5855707,52.027325],[57.5735024,52.0378254],[57.5321059,52.0331633],[57.5378593,52.0205108],[57.4900641,52.0046935],[57.4271101,52.0042102],[57.425843,52.0365091],[57.3942203,52.0669707],[57.3346872,52.0613273],[57.3290599,52.0460459],[57.371997,52.0239436],[57.3190207,51.9910763],[57.318745,51.9706137]]]},"properties":{"name":"Хайбуллинский район"}},
{"type":"Feature","geometry":{"type":"Polygon","coordinates":[[[56.4259806,52.2925841],[56.4027708,52.2830803],[56.3592062,52.280525],[56.2860081,52.2387741],[56.260863,52.2033386],[56.2379483,52.2186666],[56.200487,52.1653208],[56.2013518,52.1402014],[56.2681941,52.1219303],[56.2938433,52.1289553],[56.3485409,52.1320843],[56.3516681,52.1588693],[56.4426444,52.1980438],[56.448918,52.1841595],[56.3985202,52.160876],[56.4266703,52.1452594],[56.4709086,52.1688438],[56.5314739,52.1595142],[56.5443297,52.1485015],[56.6223897,52.1241541],[56.6118661,52.0822538],[56.6473469,52.0936956],[56.682829,52.0670852],[56.7045979,52.0600578],[56.6831729,52.031904],[56.6818022,52.0123208],[56.6590637,51.9857451],[56.6539854,51.9597125],[56.7152114,51.9443796],[56.7265571,51.9015445],[56.6891619,51.9096675],[56.6307891,51.899309],[56.6339114,51.8786555],[56.613295,51.8597473],[56.6109323,51.8269127],[56.6963332,51.8058417],[56.7420106,51.7711866],[56.7574014,51.7775068],[56.7809102,51.7381182],[56.7432544,51.7391988],[56.7582189,51.6964126],[56.7500432,51.6791325],[56.7710523,51.6692734],[56.7521201,51.631807],[56.7294439,51.6116979],[56.7311751,51.5867551],[56.7743749,51.5850917],[56.8923021,51.6064332],[56.8952148,51.6472279],[56.8861294,51.6771382],[56.861446,51.704263],[56.7971334,51.7479962],[56.8424808,51.7647727],[56.8640159,51.7430437],[56.8988117,51.7351594],[56.9435489,51.7339601],[56.9932574,51.7181484],[56.9974146,51.6886637],[57.015324,51.6700138],[57.0397103,51.6632132],[57.086528,51.6877729],[57.1180737,51.632169],[57.1605066,51.5757378],[57.198214,51.569554],[57.2253556,51.5902116],[57.3058371,51.6070905],[57.2935537,51.6295299],[57.3318614,51.649844],[57.3605497,51.6533015],[57.3782911,51.6715247],[57.360006,51.726543],[57.3428607,51.7445635],[57.2724208,51.7789944],[57.3123483,51.8102472],[57.3018694,51.824266],[57.3156834,51.8532052],[57.3019686,51.8951135],[57.3329553,51.9286211],[57.3306184,51.9626131],[57.318745,51.9706137],[57.3018907,51.982017],[57.1540852,51.9943814],[57.1229756,52.0079299],[57.1292938,52.0270636],[57.1077921,52.0455179],[57.1172839,52.0650554],[57.1446504,52.0864885],[57.1454392,52.1054545],[57.0845373,52.1473366],[57.0372512,52.1351151],[57.0242435,52.144443],[57.0466701,52.1653958],[57.0334233,52.1884205],[57.0089134,52.1878275],[56.9945357,52.219504],[56.9508088,52.2094078],[56.9525362,52.2442921],[57.0590882,52.2541105],[57.0566479,52.2989481],[57.0639607,52.3300337],[56.9551875,52.3452992],[56.9689156,52.3761825],[56.9421885,52.4359567],[56.8645984,52.4430498],[56.8623614,52.4266181],[56.8312055,52.4280501],[56.8268218,52.411245],[56.7959316,52.3976583],[56.7663888,52.3977773],[56.7660757,52.3803873],[56.7321017,52.3819164],[56.7232172,52.3512998],[56.6473533,52.3543012],[56.645505,52.3032229],[56.6126259,52.2911857],[56.5625074,52.2594477],[56.5612828,52.2435843],[56.5133382,52.2336518],[56.4716455,52.233573],[56.4755541,52.2592745],[56.4224116,52.2742299],[56.4259806,52.2925841]]]},"properties":{"name":"Зианчуринский район"}},
{"type":"Feature","geometry":{"type":"Polygon","coordinates":[[[53.8953204,55.3541349],[53.8617144,55.365778],[53.7869362,55.341462],[53.7724675,55.348197],[53.7227509,55.3263473],[53.6903854,55.3271327],[53.6888027,55.2967432],[53.6022691,55.2626421],[53.6278643,55.2273828],[53.616626,55.2143228],[53.4829113,55.2165892],[53.4666111,55.2284659],[53.4097306,55.2249706],[53.3695794,55.197771],[53.398238,55.1918831],[53.3186728,55.1622197],[53.2413945,55.1745898],[53.2079893,55.158837],[53.1578436,55.1655817],[53.1611025,55.114022],[53.1702968,55.1051996],[53.2502947,55.1044702],[53.2694983,55.078052],[53.2940451,55.0706749],[53.2695046,55.048659],[53.3193352,55.0433717],[53.3205925,55.0214509],[53.3718491,55.0250131],[53.4426696,54.9946212],[53.4834269,54.9690025],[53.4760993,54.9503438],[53.5138888,54.9324924],[53.5100879,54.9116332],[53.5425992,54.8986246],[53.5533616,54.8785033],[53.5814323,54.8855266],[53.6376943,54.9107669],[53.673513,54.9485232],[53.6607836,54.9697892],[53.7015185,54.9883068],[53.7172585,54.9799531],[53.7657018,54.9864843],[53.8106849,55.0112613],[53.863932,55.0088156],[53.9060914,54.9988788],[53.9605483,55.0101037],[53.9900299,54.9935395],[54.0262881,55.0097882],[54.0457293,55.0314551],[54.0991067,55.0198806],[54.095982,54.9998113],[54.1655852,54.9895534],[54.173731,55.0240961],[54.2083139,55.0278007],[54.2277486,55.0442144],[54.2079909,55.0535867],[54.2302277,55.1054764],[54.1734751,55.1027879],[54.1596246,55.1332222],[54.1825563,55.1458961],[54.2192655,55.1913148],[54.1983691,55.2024506],[54.2084749,55.2176204],[54.1995393,55.2563325],[54.1516133,55.2338605],[54.1195766,55.2719303],[54.1341512,55.2801961],[54.0819399,55.3075081],[54.0841973,55.3219279],[54.0154013,55.3161966],[53.9821797,55.3205989],[53.9403618,55.3480022],[53.8953204,55.3541349]]]},"properties":{"name":"Бакалинский район"}},
{"type":"Feature","geometry":{"type":"Polygon","coordinates":[[[53.6376943,54.9107669],[53.5930664,54.8096818],[53.6263444,54.8001172],[53.7018384,54.7911749],[53.708594,54.7692045],[53.6930497,54.7409602],[53.7529648,54.731661],[53.8228216,54.7574339],[53.8249814,54.7340922],[53.8437799,54.7078204],[53.8972518,54.7131377],[54.0175379,54.7101111],[54.0098189,54.6858893],[54.0473751,54.6772454],[54.1425217,54.7021249],[54.1410079,54.7140775],[54.1960822,54.7297787],[54.228169,54.7204903],[54.247967,54.7418721],[54.2776683,54.7545526],[54.2878263,54.780677],[54.3275633,54.7757175],[54.3284125,54.7986759],[54.264922,54.796683],[54.3455028,54.8409867],[54.3082522,54.8594182],[54.3300159,54.8886076],[54.3265341,54.9015862],[54.3772492,54.9047247],[54.3333486,54.9268179],[54.3379759,54.9543479],[54.3587854,54.9687587],[54.3011965,55.0126858],[54.3192061,55.0318073],[54.3051025,55.0522258],[54.2493662,55.022928],[54.2083139,55.0278007],[54.173731,55.0240961],[54.1655852,54.9895534],[54.095982,54.9998113],[54.0991067,55.0198806],[54.0457293,55.0314551],[54.0262881,55.0097882],[53.9900299,54.9935395],[53.9605483,55.0101037],[53.9060914,54.9988788],[53.863932,55.0088156],[53.8106849,55.0112613],[53.7657018,54.9864843],[53.7172585,54.9799531],[53.7015185,54.9883068],[53.6607836,54.9697892],[53.673513,54.9485232],[53.6376943,54.9107669]]]},"properties":{"name":"Шаранский район"}},
{"type":"Feature","geometry":{"type":"Polygon","coordinates":[[[54.228169,54.7204903],[54.1819867,54.7105966],[54.2345869,54.6834775],[54.2240418,54.6757625],[54.3377641,54.6304276],[54.2998461,54.6058305],[54.3234848,54.5940829],[54.2844749,54.5549234],[54.2818492,54.526356],[54.3132382,54.4852853],[54.3061714,54.4715584],[54.2625543,54.4378288],[54.286943,54.428775],[54.3168405,54.4256348],[54.3536317,54.3892922],[54.3235328,54.372248],[54.3111368,54.3519651],[54.3202442,54.3347604],[54.3787973,54.3095574],[54.407582,54.3290324],[54.4937604,54.3589123],[54.5417087,54.3925226],[54.5772629,54.4269113],[54.5897116,54.4231052],[54.6244044,54.4605591],[54.6589208,54.4504337],[54.7231502,54.4434313],[54.7112666,54.4082918],[54.7442592,54.4152433],[54.7872027,54.405617],[54.8305803,54.4106106],[54.8365432,54.4399182],[54.7888508,54.4373633],[54.7697343,54.4451909],[54.7665882,54.4733045],[54.7931176,54.4920837],[54.7633296,54.510142],[54.7754177,54.5425168],[54.6579479,54.5552803],[54.7094026,54.5984917],[54.7224674,54.6527777],[54.6548556,54.6544159],[54.6504949,54.6797404],[54.6832585,54.6872953],[54.6588813,54.7048258],[54.6100946,54.6999642],[54.5368358,54.7130028],[54.5259404,54.7227597],[54.5793642,54.7524008],[54.658703,54.7534894],[54.6781718,54.7886259],[54.6211053,54.8027874],[54.5437176,54.8497505],[54.5771322,54.8637383],[54.6376959,54.8277881],[54.6844097,54.8149906],[54.7171463,54.8212365],[54.7461352,54.8488393],[54.7407503,54.868041],[54.6962464,54.8858477],[54.6859156,54.9052573],[54.7236192,54.9297553],[54.7991843,54.9236023],[54.798564,54.9367934],[54.7124299,54.9540919],[54.6932159,54.966663],[54.6896901,54.9864356],[54.6285394,54.9647561],[54.5584402,54.9522189],[54.5557266,54.9402547],[54.5006037,54.9412907],[54.4573158,54.9528724],[54.4316728,54.9344413],[54.3976091,54.9226054],[54.3772492,54.9047247],[54.3265341,54.9015862],[54.3300159,54.8886076],[54.3082522,54.8594182],[54.3455028,54.8409867],[54.264922,54.796683],[54.3284125,54.7986759],[54.3275633,54.7757175],[54.2878263,54.780677],[54.2776683,54.7545526],[54.247967,54.7418721],[54.228169,54.7204903]]]},"properties":{"name":"Буздякский район"}},
{"type":"Feature","geometry":{"type":"Polygon","coordinates":[[[55.9351153,53.5799897],[55.9354901,53.5778647],[55.9375856,53.5778601],[55.937583,53.5796887],[55.9351153,53.5799897]]]},"properties":{"name":"санаторий-профилакторий \"Ольховка\""}},
{"type":"Feature","geometry":{"type":"Polygon","coordinates":[[[56.0874922,53.6838465],[56.0977023,53.6816421],[56.1013541,53.6870833],[56.0963709,53.6899883],[56.0874922,53.6838465]]]},"properties":{"name":"Шиханы"}},
{"type":"Feature","geometry":{"type":"Polygon","coordinates":[[[58.1332186,53.4209496],[58.1350996,53.4195941],[58.1379429,53.4210865],[58.1351105,53.4219337],[58.1332186,53.4209496]]]},"properties":{"name":"Крутой Лог"}},
{"type":"Feature","geometry":{"type":"Polygon","coordinates":[[[54.5539627,55.7046328],[54.5870881,55.6782869],[54.6345861,55.6828961],[54.6961427,55.6802945],[54.6543002,55.6562604],[54.6738052,55.6474345],[54.6797932,55.6233509],[54.6437158,55.604801],[54.5904388,55.5885118],[54.5905593,55.5791042],[54.5276143,55.5651945],[54.5395889,55.5455704],[54.5092543,55.5383641],[54.4832134,55.5045356],[54.4911351,55.4930983],[54.5860517,55.5153217],[54.5958242,55.4877093],[54.6628157,55.4714904],[54.629029,55.4014796],[54.5914743,55.4001835],[54.5711906,55.3323849],[54.5970356,55.338323],[54.6444378,55.3548543],[54.7180512,55.3399972],[54.7813294,55.331439],[54.806883,55.3415999],[54.8490887,55.3284965],[54.8537972,55.3139468],[54.8263805,55.2977839],[54.8832403,55.274215],[54.8880228,55.2619816],[54.8261764,55.2436327],[54.8487056,55.2226091],[54.8806672,55.2464904],[54.9768382,55.2629924],[55.0112151,55.2652544],[55.0320161,55.2934345],[55.0612941,55.2657473],[55.0786408,55.271727],[55.1210466,55.2837733],[55.1547651,55.3217743],[55.1050739,55.339314],[55.1239439,55.3773925],[55.1657404,55.3847944],[55.2703402,55.3920233],[55.2827943,55.4256538],[55.2292765,55.4289408],[55.2564892,55.462842],[55.244043,55.4768288],[55.1983544,55.4962275],[55.2379894,55.5159494],[55.2218628,55.5388087],[55.2027228,55.5630328],[55.2017722,55.5886084],[55.1553254,55.6245144],[55.1203198,55.6210471],[55.1236133,55.6023361],[55.0661252,55.6026223],[55.0534553,55.6236657],[55.0855045,55.6442706],[55.0641876,55.6610582],[54.9922587,55.6868693],[54.9957094,55.7194147],[54.9136293,55.7485135],[54.8741726,55.7486831],[54.8100902,55.7261186],[54.7579815,55.7314619],[54.805638,55.7590168],[54.7069758,55.7478685],[54.6922997,55.733463],[54.6606726,55.7184034],[54.6030516,55.7208729],[54.5539627,55.7046328]]]},"properties":{"name":"Дюртюлинский район"}},
{"type":"Feature","geometry":{"type":"Polygon","coordinates":[[[55.2218628,55.5388087],[55.2379894,55.5159494],[55.1983544,55.4962275],[55.244043,55.4768288],[55.2564892,55.462842],[55.2292765,55.4289408],[55.2827943,55.4256538],[55.2703402,55.3920233],[55.1657404,55.3847944],[55.1239439,55.3773925],[55.1050739,55.339314],[55.1547651,55.3217743],[55.1210466,55.2837733],[55.0786408,55.271727],[55.104355,55.2397718],[55.1562762,55.2548531],[55.1893762,55.2167157],[55.2168052,55.2188615],[55.2664577,55.2095296],[55.2991912,55.189801],[55.3751634,55.1904793],[55.4008235,55.1748267],[55.4001635,55.1537808],[55.465011,55.1655273],[55.4924394,55.1535563],[55.5309095,55.1686345],[55.5964073,55.1825614],[55.6265908,55.1805652],[55.6737327,55.1900896],[55.7243638,55.1751838],[55.7464804,55.201169],[55.7964807,55.2138165],[55.8066152,55.2241714],[55.8770384,55.2116337],[55.9384739,55.2268612],[55.9163331,55.2433104],[55.9143475,55.2704578],[55.9671381,55.3262422],[55.994911,55.3581364],[55.9720838,55.3758601],[55.9359186,55.3880766],[55.9155195,55.4077248],[55.90727,55.4428748],[55.8426726,55.4229777],[55.8365657,55.470622],[55.8139652,55.4959142],[55.7741865,55.4834138],[55.7184091,55.4806439],[55.7024172,55.5021352],[55.6726861,55.5163983],[55.6828832,55.5425028],[55.6338611,55.5435882],[55.6142154,55.5267272],[55.5486726,55.537979],[55.495124,55.5532409],[55.4717873,55.576902],[55.4156858,55.5760973],[55.3694669,55.5898793],[55.3390441,55.5872519],[55.2709693,55.5398068],[55.2218628,55.5388087]]]},"properties":{"name":"Бирский район"}},
{"type":"Feature","geometry":{"type":"Polygon","coordinates":[[[54.8806672,55.2464904],[54.9023057,55.2389964],[54.9114036,55.1895333],[54.9561786,55.1838832],[54.9421238,55.1495162],[54.9960571,55.1558063],[55.0509318,55.1524918],[55.1091521,55.1265318],[55.0734436,55.1112971],[55.0718606,55.0859797],[55.0352602,55.0511787],[54.9156332,55.0551986],[54.9172743,55.0171067],[54.9292536,54.9950531],[54.9318069,54.9641259],[54.9452662,54.9151758],[54.9976811,54.9274119],[55.0105118,54.9512997],[55.1208114,54.9486149],[55.2314472,54.8975638],[55.2565536,54.8593234],[55.2498295,54.821961],[55.2784614,54.8149631],[55.2287118,54.7923927],[55.3185815,54.7863498],[55.3493958,54.816566],[55.4090924,54.8073047],[55.4134528,54.8325133],[55.4525663,54.8348728],[55.4928981,54.8197832],[55.4931766,54.846032],[55.4603738,54.8774155],[55.4470588,54.8786867],[55.3869167,54.8581962],[55.3203194,54.8936467],[55.3495994,54.9113326],[55.4093715,54.9237457],[55.4046764,54.9424537],[55.4615598,54.9520058],[55.4981576,54.9404174],[55.5369802,54.9445117],[55.5966688,54.9105671],[55.6558685,54.9208994],[55.6653668,54.9387189],[55.6903535,54.9385374],[55.7770579,54.9114491],[55.8253598,54.9192461],[55.8242675,54.9609783],[55.8783031,54.9894489],[55.8974718,54.9710419],[55.9279326,54.9770047],[55.9185218,54.9850017],[55.861616,54.9963274],[55.8441319,55.0112431],[55.8489581,55.0266679],[55.8065127,55.0534485],[55.7834243,55.0517768],[55.7570839,55.0324009],[55.6973361,55.0650497],[55.6940379,55.0798571],[55.738331,55.1007166],[55.715189,55.133643],[55.7070043,55.161518],[55.7243638,55.1751838],[55.6737327,55.1900896],[55.6265908,55.1805652],[55.5964073,55.1825614],[55.5309095,55.1686345],[55.4924394,55.1535563],[55.465011,55.1655273],[55.4001635,55.1537808],[55.4008235,55.1748267],[55.3751634,55.1904793],[55.2991912,55.189801],[55.2664577,55.2095296],[55.2168052,55.2188615],[55.1893762,55.2167157],[55.1562762,55.2548531],[55.104355,55.2397718],[55.0786408,55.271727],[55.0612941,55.2657473],[55.0320161,55.2934345],[55.0112151,55.2652544],[54.9768382,55.2629924],[54.8806672,55.2464904]]]},"properties":{"name":"Кушнаренковский район"}},
{"type":"Feature","geometry":{"type":"Polygon","coordinates":[[[55.7855105,55.6940292],[55.7576653,55.6905146],[55.7021243,55.6951886],[55.6963876,55.7183468],[55.6529878,55.7093342],[55.6419452,55.7222049],[55.6624782,55.7456736],[55.6431903,55.7582774],[55.5983457,55.7593304],[55.5752262,55.7474541],[55.5637733,55.719611],[55.6116312,55.7100987],[55.6061612,55.6889035],[55.4950819,55.6925114],[55.462011,55.6470222],[55.4155369,55.6436395],[55.4140292,55.6223891],[55.3842816,55.6118179],[55.3474304,55.6195481],[55.3390441,55.5872519],[55.3694669,55.5898793],[55.4156858,55.5760973],[55.4717873,55.576902],[55.495124,55.5532409],[55.5486726,55.537979],[55.6142154,55.5267272],[55.6338611,55.5435882],[55.6828832,55.5425028],[55.6726861,55.5163983],[55.7024172,55.5021352],[55.7184091,55.4806439],[55.7741865,55.4834138],[55.8139652,55.4959142],[55.8365657,55.470622],[55.8426726,55.4229777],[55.90727,55.4428748],[55.9155195,55.4077248],[55.9359186,55.3880766],[55.9720838,55.3758601],[55.994911,55.3581364],[55.9671381,55.3262422],[56.0706209,55.3249271],[56.1032445,55.3173383],[56.1070302,55.3363382],[56.147532,55.3692269],[56.1382369,55.3857678],[56.1552568,55.3989307],[56.2144151,55.3957714],[56.2533599,55.4038114],[56.2835741,55.4265836],[56.3000159,55.4268261],[56.3203577,55.4648553],[56.287738,55.4928619],[56.3077093,55.5378241],[56.304451,55.5772836],[56.3220661,55.5946743],[56.2792275,55.6011951],[56.2475306,55.5967502],[56.2324188,55.622246],[56.2573763,55.6833437],[56.2804457,55.7043449],[56.2913142,55.767909],[56.2642966,55.794187],[56.1703481,55.7950648],[56.1583601,55.7826048],[56.1230163,55.7764075],[56.1295908,55.7453688],[56.08223,55.7480542],[56.0198183,55.7172832],[55.9955326,55.7161164],[55.9374202,55.7437993],[55.892492,55.7216719],[55.8532776,55.7201227],[55.8310295,55.6988819],[55.7855105,55.6940292]]]},"properties":{"name":"Мишкинский район"}},
{"type":"Feature","geometry":{"type":"Polygon","coordinates":[[[55.3934401,56.0343933],[55.4006626,56.0075272],[55.3500718,55.9959092],[55.347157,55.9584936],[55.3164099,55.9546198],[55.2945277,55.9744823],[55.2382884,55.9865587],[55.2040989,55.9509342],[55.2331666,55.9110683],[55.2304297,55.8866874],[55.1756073,55.8756674],[55.1659576,55.8577443],[55.1239135,55.8497104],[55.0805317,55.8620294],[55.0689129,55.8464935],[54.9884645,55.8509462],[54.9429658,55.8334489],[54.9099663,55.7912825],[54.8679945,55.7776451],[54.8861571,55.762641],[54.8741726,55.7486831],[54.9136293,55.7485135],[54.9957094,55.7194147],[54.9922587,55.6868693],[55.0641876,55.6610582],[55.0855045,55.6442706],[55.0534553,55.6236657],[55.0661252,55.6026223],[55.1236133,55.6023361],[55.1203198,55.6210471],[55.1553254,55.6245144],[55.2017722,55.5886084],[55.2027228,55.5630328],[55.2218628,55.5388087],[55.2709693,55.5398068],[55.3390441,55.5872519],[55.3474304,55.6195481],[55.3842816,55.6118179],[55.4140292,55.6223891],[55.4155369,55.6436395],[55.462011,55.6470222],[55.4950819,55.6925114],[55.6061612,55.6889035],[55.6116312,55.7100987],[55.5637733,55.719611],[55.5752262,55.7474541],[55.5983457,55.7593304],[55.6431903,55.7582774],[55.6624782,55.7456736],[55.6419452,55.7222049],[55.6529878,55.7093342],[55.6963876,55.7183468],[55.7021243,55.6951886],[55.7576653,55.6905146],[55.7855105,55.6940292],[55.8182306,55.7205712],[55.8187746,55.7753427],[55.8268545,55.7954915],[55.7525841,55.8074062],[55.755962,55.852954],[55.7959515,55.8654442],[55.7818502,55.9000969],[55.7468942,55.9010025],[55.7449216,55.9209197],[55.6934979,55.9211239],[55.6333028,55.9592052],[55.5672598,55.9706248],[55.5700357,55.9997336],[55.5871215,56.0053131],[55.6574413,55.9988126],[55.6845373,56.006964],[55.6634825,56.0272908],[55.6566977,56.0551781],[55.675784,56.0674211],[55.6604734,56.0893372],[55.6111447,56.0884173],[55.4968625,56.068843],[55.4592173,56.0641568],[55.4415088,56.0479552],[55.3934401,56.0343933]]]},"properties":{"name":"Бураевский район"}},
{"type":"Feature","geometry":{"type":"Polygon","coordinates":[[[54.3341427,56.1798768],[54.3693997,56.1979084],[54.4499142,56.1897527],[54.5547443,56.2011234],[54.5923743,56.2106566],[54.6007457,56.1834607],[54.6327493,56.1753248],[54.5649981,56.1230552],[54.6112822,56.1196339],[54.6285832,56.1044378],[54.6574622,56.1002035],[54.7225811,56.1138795],[54.738871,56.0925525],[54.8281774,56.094095],[54.8607102,56.0623138],[54.9250569,56.0342557],[54.9974703,56.042989],[55.0619948,56.0464291],[55.0678288,56.0010785],[55.1184531,55.9963996],[55.1947983,56.024499],[55.1692198,56.034075],[55.1736831,56.0519814],[55.2162591,56.0708905],[55.2420005,56.0569667],[55.2703729,56.0676723],[55.3235981,56.0529518],[55.3398177,56.0391617],[55.3934401,56.0343933],[55.4415088,56.0479552],[55.4592173,56.0641568],[55.4968625,56.068843],[55.4477047,56.0902738],[55.4223126,56.1111186],[55.4214051,56.1329922],[55.4710005,56.1945765],[55.4680823,56.224268],[55.4133926,56.2509725],[55.3823096,56.2404082],[55.3583906,56.2687144],[55.3332417,56.2844632],[55.3516313,56.3187766],[55.2826142,56.3206298],[55.2417549,56.337052],[55.2054322,56.3724153],[55.1867233,56.3587436],[55.2010398,56.3249736],[55.185923,56.3048311],[55.1404898,56.3123758],[55.1320815,56.3456734],[55.0994559,56.3518682],[55.0738171,56.3410242],[55.0215952,56.3402487],[55.021724,56.3241382],[54.9463475,56.3378489],[54.9293083,56.380292],[54.8814194,56.3874291],[54.8304726,56.414015],[54.7882741,56.4264651],[54.7336185,56.4303546],[54.7105684,56.4603218],[54.6707053,56.498243],[54.6033667,56.5141881],[54.6089852,56.5313323],[54.5776147,56.5346084],[54.5370625,56.5151558],[54.5212636,56.4756803],[54.4900772,56.4461199],[54.4853422,56.4104016],[54.4603422,56.4025512],[54.4447911,56.374172],[54.4480938,56.3455183],[54.4248686,56.313495],[54.3923346,56.2915484],[54.3990773,56.2643858],[54.3868066,56.2499545],[54.431752,56.2379743],[54.4920982,56.2474349],[54.55675,56.27625],[54.5975,56.2715],[54.6115,56.2845],[54.6875,56.27475],[54.6401546,56.2477719],[54.5283106,56.2395955],[54.5236508,56.2496629],[54.410726,56.2399084],[54.3341427,56.1798768]]]},"properties":{"name":"Янаульский район"}},
{"type":"Feature","geometry":{"type":"Polygon","coordinates":[[[54.0750932,55.7807967],[54.1042092,55.7751657],[54.1289912,55.7487534],[54.1605449,55.7399315],[54.1715136,55.7168372],[54.2086405,55.7028297],[54.2577577,55.7186549],[54.2654458,55.7031721],[54.2335582,55.6715466],[54.2019657,55.6625203],[54.1980028,55.6435052],[54.1074516,55.5837323],[54.0711963,55.5727792],[54.0234338,55.5384317],[53.9933894,55.5472415],[53.9656894,55.5295296],[53.9769692,55.499105],[53.9786236,55.4658699],[53.9403041,55.460376],[53.9021226,55.4285021],[53.887277,55.3893559],[53.8953204,55.3541349],[53.9403618,55.3480022],[53.9821797,55.3205989],[54.0154013,55.3161966],[54.0841973,55.3219279],[54.0819399,55.3075081],[54.1341512,55.2801961],[54.1195766,55.2719303],[54.1516133,55.2338605],[54.1995393,55.2563325],[54.2084749,55.2176204],[54.1983691,55.2024506],[54.2716766,55.2195198],[54.2965121,55.2098887],[54.329829,55.2119599],[54.3813675,55.2336857],[54.4139174,55.2388486],[54.4281892,55.2598752],[54.478836,55.2694489],[54.4958613,55.2604688],[54.540157,55.2677029],[54.5607221,55.2554063],[54.5900823,55.2558404],[54.6351403,55.2947669],[54.6329123,55.3288147],[54.5970356,55.338323],[54.5711906,55.3323849],[54.5914743,55.4001835],[54.629029,55.4014796],[54.6628157,55.4714904],[54.5958242,55.4877093],[54.5860517,55.5153217],[54.4911351,55.4930983],[54.4832134,55.5045356],[54.5092543,55.5383641],[54.5395889,55.5455704],[54.5276143,55.5651945],[54.5905593,55.5791042],[54.5904388,55.5885118],[54.6437158,55.604801],[54.6797932,55.6233509],[54.6738052,55.6474345],[54.6543002,55.6562604],[54.6961427,55.6802945],[54.6345861,55.6828961],[54.5870881,55.6782869],[54.5539627,55.7046328],[54.509654,55.6871414],[54.4627831,55.7299919],[54.4318396,55.746771],[54.3982914,55.7522946],[54.3358405,55.7445886],[54.3051491,55.7643736],[54.32,55.7807],[54.3009219,55.7899736],[54.2516954,55.7604754],[54.2293448,55.7734001],[54.1870635,55.7779392],[54.202925,55.8048463],[54.1759103,55.806998],[54.1527688,55.79086],[54.0750932,55.7807967]]]},"properties":{"name":"Илишевский район"}},
{"type":"Feature","geometry":{"type":"Polygon","coordinates":[[[55.3516313,56.3187766],[55.3332417,56.2844632],[55.3583906,56.2687144],[55.3823096,56.2404082],[55.4133926,56.2509725],[55.4680823,56.224268],[55.4710005,56.1945765],[55.4214051,56.1329922],[55.4223126,56.1111186],[55.4477047,56.0902738],[55.4968625,56.068843],[55.6111447,56.0884173],[55.6604734,56.0893372],[55.702025,56.0947014],[55.7984061,56.1265484],[55.8327358,56.1230645],[55.8451953,56.1352994],[55.8990639,56.1542852],[55.9694699,56.1415761],[55.9911658,56.1621166],[56.0509585,56.1495658],[56.1543874,56.1690092],[56.1493615,56.1920239],[56.1773514,56.2104897],[56.1680034,56.2210562],[56.1952407,56.2646298],[56.2020003,56.3167177],[56.1229915,56.3108695],[56.1132999,56.2949062],[56.0791667,56.2952602],[56.0510526,56.3143215],[56.0417569,56.3400535],[56.017477,56.3397243],[55.9578283,56.3703423],[55.9414001,56.3886848],[55.9199228,56.449561],[55.8790653,56.4568087],[55.874538,56.4328505],[55.8367699,56.4206326],[55.7739388,56.4459761],[55.7461805,56.4333696],[55.7142053,56.4357322],[55.6918199,56.4085431],[55.5736017,56.3917794],[55.5328451,56.3795281],[55.4615604,56.3332553],[55.4218003,56.3310544],[55.3851574,56.3170741],[55.3516313,56.3187766]]]},"properties":{"name":"Татышлинский район"}},
{"type":"Feature","geometry":{"type":"Polygon","coordinates":[[[56.1543874,56.1690092],[56.1364509,56.1132974],[56.2159173,56.1038541],[56.2187771,56.0885905],[56.2910088,56.0455494],[56.2816263,56.0286051],[56.2455129,56.0066197],[56.2848972,55.9799851],[56.342821,55.9526416],[56.3343669,55.935141],[56.3896734,55.8859736],[56.3864751,55.8790824],[56.4189962,55.9010089],[56.4263806,55.9217405],[56.5330091,55.9073664],[56.5605307,55.9149175],[56.5768132,55.9335265],[56.6065683,55.9257368],[56.6466891,55.9320874],[56.684255,55.9602042],[56.7273885,55.9682651],[56.759942,55.9497142],[56.7900435,55.9802828],[56.8337395,55.9657489],[56.9391792,55.9559088],[56.9784444,55.9693375],[56.9872238,55.9420694],[56.9779658,55.9246956],[57.0110412,55.8966871],[57.0407963,55.9209774],[57.0472447,55.9386785],[57.1158457,55.9448812],[57.1516596,55.9362647],[57.197141,55.9579872],[57.1738349,55.9873318],[57.2032543,56.0191775],[57.2661278,56.0366579],[57.2946945,56.0617742],[57.328126,56.0455039],[57.2956235,56.0101476],[57.354598,55.981554],[57.3822847,56.0031542],[57.4385225,56.0217659],[57.4302399,56.0387738],[57.4440755,56.0644782],[57.4937805,56.0424742],[57.5413757,56.053477],[57.5829698,56.0813223],[57.5404363,56.0952978],[57.509509,56.1066556],[57.4670692,56.1342175],[57.4907984,56.1651627],[57.4843682,56.1744768],[57.5057578,56.1995851],[57.4611719,56.2152702],[57.4458567,56.2460002],[57.4210588,56.253547],[57.4067532,56.2720783],[57.4325038,56.3130922],[57.408395,56.339924],[57.3482043,56.3305659],[57.3531765,56.3208139],[57.2848409,56.3050905],[57.2982544,56.2722851],[57.2470808,56.2711986],[57.2200816,56.2525474],[57.1955532,56.2509255],[57.216504,56.2086712],[57.2002954,56.1966185],[57.2101319,56.1779269],[57.1669533,56.1614242],[57.0785808,56.1612869],[57.0451359,56.1509021],[57.0430047,56.1270348],[57.0073874,56.1365842],[56.9240984,56.1052433],[56.8779253,56.1153814],[56.8669704,56.1468803],[56.8499581,56.1663017],[56.7824061,56.1646363],[56.7693358,56.1937513],[56.7249766,56.2308939],[56.6713743,56.2324915],[56.6224173,56.2658443],[56.5969342,56.27393],[56.5381819,56.3132852],[56.5061757,56.3440702],[56.5721757,56.3891313],[56.5325776,56.3971379],[56.5073693,56.3767265],[56.4712366,56.369985],[56.4072725,56.4037996],[56.3620669,56.3884735],[56.3778803,56.365251],[56.3244318,56.3653],[56.3213626,56.3412244],[56.2675429,56.3058673],[56.2352945,56.3216691],[56.2020003,56.3167177],[56.1952407,56.2646298],[56.1680034,56.2210562],[56.1773514,56.2104897],[56.1493615,56.1920239],[56.1543874,56.1690092]]]},"properties":{"name":"Аскинский район"}},
{"type":"Feature","geometry":{"type":"Polygon","coordinates":[[[57.9395429,56.1101448],[57.9280929,56.0637696],[57.9644405,56.0529054],[58.0116186,56.0562184],[58.014723,56.0357159],[58.0584735,56.0094547],[58.061548,55.9899735],[58.0056306,55.9709967],[57.9217022,55.9751942],[57.9025091,55.9519462],[57.9552855,55.937151],[57.9893923,55.9195053],[58.0049523,55.9489565],[58.0690052,55.9450755],[58.0702579,55.8955387],[58.0915534,55.8956412],[58.0914376,55.8418207],[58.0708135,55.8417041],[58.0713312,55.8041354],[58.1636381,55.8045372],[58.1666878,55.8241699],[58.1993586,55.8237132],[58.2313006,55.8061999],[58.2302866,55.7883479],[58.2773357,55.7878156],[58.2789782,55.7569654],[58.2569302,55.7203857],[58.2230775,55.7019398],[58.1515724,55.7022823],[58.1457158,55.6563762],[58.1761756,55.6446485],[58.2749704,55.6451506],[58.2757115,55.6182186],[58.3290093,55.6179704],[58.3233363,55.6390505],[58.3453946,55.6483403],[58.4620481,55.656843],[58.510013,55.6735279],[58.5128379,55.7026475],[58.5385216,55.703741],[58.5365877,55.7341362],[58.5103539,55.735521],[58.5081516,55.7595621],[58.5205523,55.804612],[58.4730809,55.8094276],[58.4606716,55.8297046],[58.4659513,55.8533022],[58.439503,55.8680931],[58.43907,55.8903458],[58.5022079,55.8980669],[58.5345014,55.9106181],[58.5337644,55.9748574],[58.56194,55.9767803],[58.5758216,56.0083861],[58.6590649,56.0387239],[58.6850674,56.0419029],[58.7321848,56.0656174],[58.8345347,56.069043],[58.831888,56.084951],[58.7553782,56.0871961],[58.7131093,56.0955907],[58.7139992,56.1168699],[58.6431523,56.1181106],[58.6366256,56.1340671],[58.6000519,56.1380476],[58.5815172,56.1661117],[58.5090111,56.1715385],[58.4717748,56.1211247],[58.4234747,56.1210898],[58.3835903,56.0815522],[58.3448785,56.0810914],[58.3482455,56.1215083],[58.3051195,56.1040881],[58.256484,56.1056715],[58.1827564,56.1274867],[58.164289,56.1395182],[58.1293413,56.1324121],[58.1050071,56.1390469],[58.0723641,56.1152885],[58.011064,56.1091439],[57.9395429,56.1101448]]]},"properties":{"name":"Мечетлинский район"}},
{"type":"Feature","geometry":{"type":"Polygon","coordinates":[[[58.8345347,56.069043],[58.7321848,56.0656174],[58.6850674,56.0419029],[58.6590649,56.0387239],[58.5758216,56.0083861],[58.56194,55.9767803],[58.5337644,55.9748574],[58.5345014,55.9106181],[58.5022079,55.8980669],[58.43907,55.8903458],[58.439503,55.8680931],[58.4659513,55.8533022],[58.4606716,55.8297046],[58.4730809,55.8094276],[58.5205523,55.804612],[58.5081516,55.7595621],[58.5103539,55.735521],[58.5365877,55.7341362],[58.5385216,55.703741],[58.5128379,55.7026475],[58.510013,55.6735279],[58.5617155,55.6423524],[58.5933155,55.6362955],[58.6713588,55.6363165],[58.6734785,55.6274585],[58.7369254,55.6271784],[58.7370125,55.6087864],[58.7953928,55.6188352],[58.8289418,55.5986167],[58.8293362,55.5827529],[58.8580794,55.5549969],[58.9205623,55.5461508],[58.9583014,55.5522333],[58.9756392,55.5423277],[58.9655112,55.5116241],[58.9893721,55.5079302],[59.0223311,55.5172613],[59.0518568,55.5002499],[59.0513418,55.4754485],[59.0633888,55.4305186],[59.0885495,55.4306694],[59.0883119,55.4521856],[59.1851545,55.4492742],[59.2006926,55.4654516],[59.2813664,55.4639626],[59.3616137,55.4840254],[59.3803449,55.4980743],[59.4336929,55.4939938],[59.4310062,55.4770019],[59.4640736,55.4736187],[59.5170003,55.5093573],[59.5789421,55.5165952],[59.5887701,55.5499638],[59.6425481,55.5584529],[59.6549303,55.5918947],[59.601502,55.6057299],[59.5644649,55.5940222],[59.4684945,55.5948279],[59.4644191,55.6434574],[59.3909825,55.6447337],[59.3828947,55.6206806],[59.3354275,55.6095582],[59.2758279,55.5797574],[59.2496461,55.5814599],[59.2504966,55.6070029],[59.2764655,55.6059384],[59.2944417,55.6225771],[59.3358088,55.63157],[59.3173333,55.6766784],[59.2888087,55.6779915],[59.2986113,55.7014535],[59.2756103,55.7091219],[59.3205217,55.7613791],[59.2665493,55.7908228],[59.1357163,55.7894939],[59.133416,55.8200193],[59.1939017,55.8201635],[59.2251193,55.8497628],[59.2075027,55.8650797],[59.2059832,55.8902157],[59.2331135,55.9025653],[59.2468935,55.9247541],[59.2458755,55.9508254],[59.2162135,55.9518327],[59.2221724,55.9822715],[59.1925833,56.0251621],[59.286454,56.0347418],[59.3271985,56.0828246],[59.3190459,56.1289177],[59.3356158,56.1531361],[59.2889994,56.156807],[59.2391912,56.1329152],[59.1525567,56.14909],[59.0967874,56.1524948],[59.0422818,56.1686893],[59.0385194,56.1280902],[59.0018552,56.1017296],[58.9802751,56.0758063],[58.9439445,56.0612781],[58.9005709,56.0539408],[58.8837461,56.0745375],[58.8345347,56.069043]]]},"properties":{"name":"Белокатайский район"}},
{"type":"Feature","geometry":{"type":"Polygon","coordinates":[[[55.6604734,56.0893372],[55.675784,56.0674211],[55.6566977,56.0551781],[55.6634825,56.0272908],[55.6845373,56.006964],[55.6574413,55.9988126],[55.5871215,56.0053131],[55.5700357,55.9997336],[55.5672598,55.9706248],[55.6333028,55.9592052],[55.6934979,55.9211239],[55.7449216,55.9209197],[55.7468942,55.9010025],[55.7818502,55.9000969],[55.7959515,55.8654442],[55.755962,55.852954],[55.7525841,55.8074062],[55.8268545,55.7954915],[55.8187746,55.7753427],[55.8182306,55.7205712],[55.7855105,55.6940292],[55.8310295,55.6988819],[55.8532776,55.7201227],[55.892492,55.7216719],[55.9374202,55.7437993],[55.9955326,55.7161164],[56.0198183,55.7172832],[56.08223,55.7480542],[56.1295908,55.7453688],[56.1230163,55.7764075],[56.1583601,55.7826048],[56.1703481,55.7950648],[56.2642966,55.794187],[56.2913142,55.767909],[56.3186677,55.7792451],[56.3201882,55.8125603],[56.354453,55.8313009],[56.3763618,55.854115],[56.3864751,55.8790824],[56.3896734,55.8859736],[56.3343669,55.935141],[56.342821,55.9526416],[56.2848972,55.9799851],[56.2455129,56.0066197],[56.2816263,56.0286051],[56.2910088,56.0455494],[56.2187771,56.0885905],[56.2159173,56.1038541],[56.1364509,56.1132974],[56.1543874,56.1690092],[56.0509585,56.1495658],[55.9911658,56.1621166],[55.9694699,56.1415761],[55.8990639,56.1542852],[55.8451953,56.1352994],[55.8327358,56.1230645],[55.7984061,56.1265484],[55.702025,56.0947014],[55.6604734,56.0893372]]]},"properties":{"name":"Балтачевский район"}},
{"type":"Feature","geometry":{"type":"Polygon","coordinates":[[[56.2913142,55.767909],[56.2804457,55.7043449],[56.2573763,55.6833437],[56.2324188,55.622246],[56.2475306,55.5967502],[56.2792275,55.6011951],[56.3220661,55.5946743],[56.304451,55.5772836],[56.3077093,55.5378241],[56.3515376,55.5377139],[56.3806496,55.5500992],[56.5036932,55.5346616],[56.54667,55.5239],[56.5595398,55.5305284],[56.6080028,55.5131637],[56.6605321,55.5229069],[56.7518002,55.5201129],[56.9145371,55.5003401],[56.9116738,55.4860955],[56.9854726,55.489961],[57.0048423,55.4849826],[57.0480505,55.4923446],[57.0918064,55.4816813],[57.0979096,55.5049871],[57.1278263,55.5038639],[57.1522074,55.5692968],[57.1825701,55.5781154],[57.224512,55.5630083],[57.2648041,55.5626635],[57.3102325,55.6110222],[57.2872552,55.623264],[57.3355257,55.6466428],[57.3225753,55.6627803],[57.3458812,55.6864356],[57.4459582,55.7139662],[57.5404838,55.7203323],[57.5609451,55.7280828],[57.5569595,55.7837222],[57.6007802,55.7958685],[57.602122,55.8175319],[57.6246619,55.8252532],[57.6300983,55.8506848],[57.6505796,55.8494902],[57.7049368,55.9888897],[57.528687,56.0103852],[57.4907684,56.009179],[57.4937805,56.0424742],[57.4440755,56.0644782],[57.4302399,56.0387738],[57.4385225,56.0217659],[57.3822847,56.0031542],[57.354598,55.981554],[57.2956235,56.0101476],[57.328126,56.0455039],[57.2946945,56.0617742],[57.2661278,56.0366579],[57.2032543,56.0191775],[57.1738349,55.9873318],[57.197141,55.9579872],[57.1516596,55.9362647],[57.1158457,55.9448812],[57.0472447,55.9386785],[57.0407963,55.9209774],[57.0110412,55.8966871],[56.9779658,55.9246956],[56.9872238,55.9420694],[56.9784444,55.9693375],[56.9391792,55.9559088],[56.8337395,55.9657489],[56.7900435,55.9802828],[56.759942,55.9497142],[56.7273885,55.9682651],[56.684255,55.9602042],[56.6466891,55.9320874],[56.6065683,55.9257368],[56.5768132,55.9335265],[56.5605307,55.9149175],[56.5330091,55.9073664],[56.4263806,55.9217405],[56.4189962,55.9010089],[56.3864751,55.8790824],[56.3763618,55.854115],[56.354453,55.8313009],[56.3201882,55.8125603],[56.3186677,55.7792451],[56.2913142,55.767909]]]},"properties":{"name":"Караидельский район"}},
{"type":"Feature","geometry":{"type":"Polygon","coordinates":[[[57.0918064,55.4816813],[57.2975252,55.4635347],[57.2923438,55.4411524],[57.3603522,55.4195499],[57.4793201,55.4107701],[57.4857448,55.4438228],[57.5622521,55.4427775],[57.5625505,55.4251638],[57.6352391,55.4231923],[57.6359486,55.4390125],[57.67306,55.437543],[57.6792743,55.5120526],[57.7091304,55.5284137],[57.7779152,55.5113164],[57.8216595,55.5235771],[57.8300064,55.5077051],[57.8641329,55.5172248],[57.9072846,55.5071863],[57.887311,55.4716904],[57.940109,55.4581083],[57.9406357,55.4728082],[58.012841,55.4778683],[58.0138222,55.4597936],[58.0611915,55.4459506],[58.0827447,55.4557786],[58.1676714,55.4562487],[58.2158553,55.4501508],[58.2517809,55.4537001],[58.2355153,55.423074],[58.2598205,55.3721741],[58.3052439,55.3763095],[58.3078263,55.389895],[58.3862691,55.4200339],[58.4983572,55.418995],[58.4784199,55.4264274],[58.4864971,55.4790644],[58.4624858,55.4798084],[58.449496,55.5086467],[58.4073972,55.5270031],[58.3694595,55.5575617],[58.3742237,55.5754456],[58.4015153,55.6029377],[58.3591298,55.6175268],[58.3290093,55.6179704],[58.2757115,55.6182186],[58.2749704,55.6451506],[58.1761756,55.6446485],[58.1457158,55.6563762],[58.1515724,55.7022823],[58.2230775,55.7019398],[58.2569302,55.7203857],[58.2789782,55.7569654],[58.2773357,55.7878156],[58.2302866,55.7883479],[58.2313006,55.8061999],[58.1993586,55.8237132],[58.1666878,55.8241699],[58.1636381,55.8045372],[58.0713312,55.8041354],[58.0708135,55.8417041],[58.0914376,55.8418207],[58.0915534,55.8956412],[58.0702579,55.8955387],[58.0690052,55.9450755],[58.0049523,55.9489565],[57.9893923,55.9195053],[57.9552855,55.937151],[57.9025091,55.9519462],[57.9217022,55.9751942],[58.0056306,55.9709967],[58.061548,55.9899735],[58.0584735,56.0094547],[58.014723,56.0357159],[58.0116186,56.0562184],[57.9644405,56.0529054],[57.9280929,56.0637696],[57.9395429,56.1101448],[57.9139268,56.1072506],[57.8936954,56.1416109],[57.8603857,56.1487727],[57.8015847,56.1416135],[57.7738167,56.1454524],[57.7221762,56.1274826],[57.6862416,56.1366225],[57.6593257,56.1170337],[57.6457978,56.0930412],[57.5976238,56.0853868],[57.5404363,56.0952978],[57.5829698,56.0813223],[57.5413757,56.053477],[57.4937805,56.0424742],[57.4907684,56.009179],[57.528687,56.0103852],[57.7049368,55.9888897],[57.6505796,55.8494902],[57.6300983,55.8506848],[57.6246619,55.8252532],[57.602122,55.8175319],[57.6007802,55.7958685],[57.5569595,55.7837222],[57.5609451,55.7280828],[57.5404838,55.7203323],[57.4459582,55.7139662],[57.3458812,55.6864356],[57.3225753,55.6627803],[57.3355257,55.6466428],[57.2872552,55.623264],[57.3102325,55.6110222],[57.2648041,55.5626635],[57.224512,55.5630083],[57.1825701,55.5781154],[57.1522074,55.5692968],[57.1278263,55.5038639],[57.0979096,55.5049871],[57.0918064,55.4816813]]]},"properties":{"name":"Дуванский район"}},
{"type":"Feature","geometry":{"type":"Polygon","coordinates":[[[58.4983572,55.418995],[58.5250594,55.3835598],[58.5001548,55.3715118],[58.5188169,55.3464536],[58.4507357,55.3439255],[58.4180477,55.378913],[58.3424293,55.3665915],[58.2883169,55.3417894],[58.3309621,55.3309034],[58.3785588,55.3039072],[58.3952157,55.311122],[58.454762,55.3041985],[58.4715952,55.2790923],[58.4495863,55.2691861],[58.4611001,55.2411222],[58.5043761,55.2525904],[58.563,55.2532],[58.5612167,55.2333787],[58.543181,55.2105315],[58.5821048,55.1952517],[58.6297115,55.2030726],[58.6433185,55.1930414],[58.6435646,55.1750545],[58.6928947,55.1509556],[58.726659,55.1520791],[58.7554015,55.16372],[58.7730671,55.2125711],[58.6930313,55.2319403],[58.7094197,55.2796739],[58.7253838,55.2896785],[58.8307497,55.2777596],[58.9318581,55.2720137],[58.9333355,55.2944879],[58.8656582,55.2903719],[58.8377735,55.2933516],[58.8469252,55.3268236],[58.9113143,55.3259348],[58.9652755,55.3159693],[58.9663936,55.2625149],[59.0069977,55.2652563],[59.05638,55.2974517],[59.0746861,55.2919176],[59.0863921,55.3258154],[59.1247062,55.3426316],[59.1600409,55.3424192],[59.1843053,55.38696],[59.1442868,55.4125557],[59.1702552,55.4238375],[59.1851545,55.4492742],[59.0883119,55.4521856],[59.0885495,55.4306694],[59.0633888,55.4305186],[59.0513418,55.4754485],[59.0518568,55.5002499],[59.0223311,55.5172613],[58.9893721,55.5079302],[58.9655112,55.5116241],[58.9756392,55.5423277],[58.9583014,55.5522333],[58.9205623,55.5461508],[58.8580794,55.5549969],[58.8293362,55.5827529],[58.8289418,55.5986167],[58.7953928,55.6188352],[58.7370125,55.6087864],[58.7369254,55.6271784],[58.6734785,55.6274585],[58.6713588,55.6363165],[58.5933155,55.6362955],[58.5617155,55.6423524],[58.510013,55.6735279],[58.4620481,55.656843],[58.3453946,55.6483403],[58.3233363,55.6390505],[58.3290093,55.6179704],[58.3591298,55.6175268],[58.4015153,55.6029377],[58.3742237,55.5754456],[58.3694595,55.5575617],[58.4073972,55.5270031],[58.449496,55.5086467],[58.4624858,55.4798084],[58.4864971,55.4790644],[58.4784199,55.4264274],[58.4983572,55.418995]]]},"properties":{"name":"Кигинский район"}},
{"type":"Feature","geometry":{"type":"Polygon","coordinates":[[[57.469696,55.3258879],[57.507614,55.3274463],[57.5301008,55.3370193],[57.6412906,55.3014792],[57.7213256,55.3042473],[57.7805007,55.2980751],[57.8828859,55.3023335],[57.9552585,55.2916915],[57.9697333,55.2804102],[58.0231612,55.2765261],[58.0439186,55.2388555],[58.0787195,55.2215562],[58.126613,55.2177253],[58.1176738,55.1917033],[58.0415376,55.1540959],[58.0058221,55.1634223],[58.005871,55.141352],[57.9897514,55.1127562],[57.9960939,55.0889431],[58.0294409,55.059835],[58.0327489,55.027908],[58.0042273,54.9842641],[57.9588886,54.9759165],[57.9329207,54.9486171],[57.9637863,54.9211056],[57.9829434,54.9279173],[58.0050815,54.9061528],[58.1128962,54.9436306],[58.1255574,54.9754927],[58.101504,54.9842196],[58.1304523,54.9999715],[58.1283231,55.017213],[58.1772852,55.0401617],[58.1546243,55.0610896],[58.1940301,55.0717253],[58.2005963,55.0930189],[58.1631098,55.0930066],[58.1297055,55.1271217],[58.1691169,55.1311652],[58.1953555,55.1484616],[58.2193365,55.1447844],[58.247435,55.1705489],[58.2632403,55.1717355],[58.344839,55.1498983],[58.3725836,55.1211662],[58.3469265,55.1038488],[58.3733214,55.0959202],[58.4297302,55.0662803],[58.4395223,55.0481343],[58.422069,55.0179082],[58.4452711,55.0040195],[58.4752844,55.0016784],[58.5016783,55.0206231],[58.5463798,55.0185434],[58.504528,54.9762667],[58.5668363,54.9709464],[58.5976801,54.9562879],[58.621954,54.9647078],[58.6527172,54.9586636],[58.7270877,54.9678638],[58.7309471,54.9961759],[58.8064926,55.0287153],[58.8241593,55.0475003],[58.798403,55.0555886],[58.7611512,55.0948072],[58.7183654,55.1259372],[58.6413095,55.1470625],[58.599029,55.1429594],[58.5752569,55.1609642],[58.582742,55.1793718],[58.6154697,55.1939198],[58.6433185,55.1930414],[58.6297115,55.2030726],[58.5821048,55.1952517],[58.543181,55.2105315],[58.5612167,55.2333787],[58.563,55.2532],[58.5043761,55.2525904],[58.4611001,55.2411222],[58.4495863,55.2691861],[58.4715952,55.2790923],[58.454762,55.3041985],[58.3952157,55.311122],[58.3785588,55.3039072],[58.3309621,55.3309034],[58.2883169,55.3417894],[58.3424293,55.3665915],[58.4180477,55.378913],[58.4507357,55.3439255],[58.5188169,55.3464536],[58.5001548,55.3715118],[58.5250594,55.3835598],[58.4983572,55.418995],[58.3862691,55.4200339],[58.3078263,55.389895],[58.3052439,55.3763095],[58.2598205,55.3721741],[58.2355153,55.423074],[58.2517809,55.4537001],[58.2158553,55.4501508],[58.1676714,55.4562487],[58.0827447,55.4557786],[58.0611915,55.4459506],[58.0138222,55.4597936],[58.012841,55.4778683],[57.9406357,55.4728082],[57.940109,55.4581083],[57.887311,55.4716904],[57.9072846,55.5071863],[57.8641329,55.5172248],[57.8300064,55.5077051],[57.8216595,55.5235771],[57.7779152,55.5113164],[57.7091304,55.5284137],[57.6792743,55.5120526],[57.67306,55.437543],[57.6359486,55.4390125],[57.6352391,55.4231923],[57.5625505,55.4251638],[57.5622521,55.4427775],[57.4857448,55.4438228],[57.4793201,55.4107701],[57.469696,55.3258879]]]},"properties":{"name":"Салаватский район"}},
{"type":"Feature","geometry":{"type":"Polygon","coordinates":[[[56.54667,55.5239],[56.57376,55.47923],[56.55813,55.46417],[56.52103,55.46041],[56.50613,55.44663],[56.53505,55.40993],[56.5524854,55.403891],[56.5931274,55.4209349],[56.6142697,55.4158927],[56.6152747,55.3906212],[56.6618675,55.3786559],[56.6762561,55.3672387],[56.6471416,55.3453067],[56.6934089,55.3403109],[56.7089612,55.3237775],[56.6925011,55.29008],[56.6685641,55.2858107],[56.6241253,55.2984562],[56.5774765,55.2892806],[56.5594461,55.3077639],[56.5192552,55.2668683],[56.5428726,55.256131],[56.5763424,55.2139126],[56.5356132,55.1905756],[56.559824,55.1748478],[56.536526,55.1364135],[56.486948,55.1086645],[56.4614097,55.1061793],[56.4420243,55.065751],[56.4178879,55.0611097],[56.3847495,55.0306397],[56.4200556,54.9947748],[56.3886215,54.9682796],[56.4022522,54.9587022],[56.4349418,54.9819687],[56.4869564,54.9765848],[56.4994184,54.9637275],[56.5895241,54.9386052],[56.6291854,54.9477963],[56.6230097,54.9728688],[56.6532907,54.9820695],[56.7349,54.9755029],[56.782191,55.0179877],[56.8292712,55.0113412],[56.8632733,55.0153921],[56.9370826,55.0470046],[56.9556534,55.0915963],[56.938294,55.1109007],[57.0027705,55.1241934],[57.0514011,55.102976],[57.0692292,55.128088],[57.1215246,55.1359112],[57.1163616,55.10475],[57.1429493,55.1036431],[57.1564036,55.127249],[57.2106824,55.1351254],[57.2415464,55.1496001],[57.2598513,55.179028],[57.2366496,55.180358],[57.2125957,55.2008453],[57.2632555,55.2191517],[57.2326028,55.2463972],[57.246225,55.2660335],[57.2924155,55.2664598],[57.3260475,55.2596488],[57.3398826,55.2797108],[57.3807511,55.2946114],[57.3939475,55.3172277],[57.469696,55.3258879],[57.4793201,55.4107701],[57.3603522,55.4195499],[57.2923438,55.4411524],[57.2975252,55.4635347],[57.0918064,55.4816813],[57.0480505,55.4923446],[57.0048423,55.4849826],[56.9854726,55.489961],[56.9116738,55.4860955],[56.9145371,55.5003401],[56.7518002,55.5201129],[56.6605321,55.5229069],[56.6080028,55.5131637],[56.5595398,55.5305284],[56.54667,55.5239]]]},"properties":{"name":"Нуримановский район"}},
{"type":"Feature","geometry":{"type":"Polygon","coordinates":[[[55.7243638,55.1751838],[55.7070043,55.161518],[55.715189,55.133643],[55.738331,55.1007166],[55.6940379,55.0798571],[55.6973361,55.0650497],[55.7570839,55.0324009],[55.7834243,55.0517768],[55.8065127,55.0534485],[55.8489581,55.0266679],[55.8441319,55.0112431],[55.861616,54.9963274],[55.9185218,54.9850017],[55.9279326,54.9770047],[55.9543327,54.9670734],[55.9541575,54.9419496],[55.9737463,54.9156502],[55.9944367,54.9080478],[56.0394546,54.9307254],[56.0499485,54.949743],[56.0738151,54.9483563],[56.1362665,54.9600475],[56.1521116,54.9381372],[56.181235,54.9528714],[56.2589648,54.9750921],[56.2807937,54.9632976],[56.3311882,54.9614159],[56.3463389,54.9385336],[56.3544213,54.9635589],[56.3886215,54.9682796],[56.4200556,54.9947748],[56.3847495,55.0306397],[56.4178879,55.0611097],[56.4420243,55.065751],[56.4614097,55.1061793],[56.486948,55.1086645],[56.536526,55.1364135],[56.559824,55.1748478],[56.5356132,55.1905756],[56.5763424,55.2139126],[56.5428726,55.256131],[56.5192552,55.2668683],[56.5594461,55.3077639],[56.5774765,55.2892806],[56.6241253,55.2984562],[56.6685641,55.2858107],[56.6925011,55.29008],[56.7089612,55.3237775],[56.6934089,55.3403109],[56.6471416,55.3453067],[56.6762561,55.3672387],[56.6618675,55.3786559],[56.6152747,55.3906212],[56.6142697,55.4158927],[56.5931274,55.4209349],[56.5524854,55.403891],[56.53505,55.40993],[56.50613,55.44663],[56.52103,55.46041],[56.55813,55.46417],[56.57376,55.47923],[56.54667,55.5239],[56.5036932,55.5346616],[56.3806496,55.5500992],[56.3515376,55.5377139],[56.3077093,55.5378241],[56.287738,55.4928619],[56.3203577,55.4648553],[56.3000159,55.4268261],[56.2835741,55.4265836],[56.2533599,55.4038114],[56.2144151,55.3957714],[56.1552568,55.3989307],[56.1382369,55.3857678],[56.147532,55.3692269],[56.1070302,55.3363382],[56.1032445,55.3173383],[56.0706209,55.3249271],[55.9671381,55.3262422],[55.9143475,55.2704578],[55.9163331,55.2433104],[55.9384739,55.2268612],[55.8770384,55.2116337],[55.8066152,55.2241714],[55.7964807,55.2138165],[55.7464804,55.201169],[55.7243638,55.1751838]]]},"properties":{"name":"Благовещенский район"}},
{"type":"Feature","geometry":{"type":"Polygon","coordinates":[[[56.1053508,54.5951689],[56.1264852,54.5785827],[56.1052024,54.5673446],[56.1442137,54.5521178],[56.2074272,54.5536024],[56.2716285,54.5477283],[56.2815849,54.5310971],[56.3354865,54.5233269],[56.3689605,54.5087787],[56.3239852,54.485451],[56.3497344,54.4657017],[56.3796035,54.4583182],[56.4036361,54.4746798],[56.5060459,54.5125643],[56.5485176,54.5377737],[56.5941151,54.54317],[56.5862724,54.5642007],[56.6113563,54.5972181],[56.6342533,54.6035501],[56.6361829,54.6591326],[56.6774417,54.6549892],[56.6983044,54.6709469],[56.751598,54.6685583],[56.7334594,54.6869325],[56.7387677,54.7085932],[56.7677305,54.7261073],[56.7794122,54.6967183],[56.7965078,54.6970929],[56.82866,54.719952],[56.8081951,54.7279011],[56.8098735,54.7568265],[56.8566035,54.7717047],[56.850042,54.7928222],[56.9339969,54.7660418],[56.9223856,54.7343414],[56.9921875,54.7276212],[56.9639395,54.6945711],[56.9620218,54.6728529],[56.9863108,54.6599523],[57.0429283,54.6744001],[57.0956427,54.6677954],[57.0929211,54.6819186],[57.1303179,54.6945708],[57.1638024,54.7227114],[57.1489664,54.7463922],[57.1025968,54.7332213],[57.0817206,54.7648159],[57.0893468,54.7817582],[57.1604918,54.770098],[57.2398362,54.7635048],[57.2463869,54.7696024],[57.2013286,54.8044502],[57.1627995,54.8487774],[57.1566258,54.8703292],[57.1887669,54.8876244],[57.2505534,54.9409327],[57.2596464,54.9605291],[57.215805,54.9722109],[57.1939689,54.987181],[57.1800351,55.0142216],[57.1837478,55.0348013],[57.1312877,55.0850495],[57.1429493,55.1036431],[57.1163616,55.10475],[57.1215246,55.1359112],[57.0692292,55.128088],[57.0514011,55.102976],[57.0027705,55.1241934],[56.938294,55.1109007],[56.9556534,55.0915963],[56.9370826,55.0470046],[56.8632733,55.0153921],[56.8292712,55.0113412],[56.782191,55.0179877],[56.7349,54.9755029],[56.6532907,54.9820695],[56.6230097,54.9728688],[56.6291854,54.9477963],[56.5895241,54.9386052],[56.4994184,54.9637275],[56.4869564,54.9765848],[56.4349418,54.9819687],[56.4022522,54.9587022],[56.3886215,54.9682796],[56.3544213,54.9635589],[56.3463389,54.9385336],[56.3440562,54.9185932],[56.3647899,54.9005769],[56.3232381,54.8702405],[56.2827257,54.8708213],[56.2985557,54.8542172],[56.3367319,54.8283194],[56.3509596,54.7860415],[56.2710714,54.7428694],[56.327507,54.6967248],[56.2427554,54.6672981],[56.248355,54.6463054],[56.2077599,54.6231325],[56.1631428,54.6207144],[56.152893,54.6052054],[56.1053508,54.5951689]]]},"properties":{"name":"Иглинский район"}},
{"type":"Feature","geometry":{"type":"MultiPolygon","coordinates":[[[[55.9279326,54.9770047],[55.8974718,54.9710419],[55.8783031,54.9894489],[55.8242675,54.9609783],[55.8253598,54.9192461],[55.7770579,54.9114491],[55.6903535,54.9385374],[55.6653668,54.9387189],[55.6558685,54.9208994],[55.5966688,54.9105671],[55.5369802,54.9445117],[55.4981576,54.9404174],[55.4615598,54.9520058],[55.4046764,54.9424537],[55.4093715,54.9237457],[55.3495994,54.9113326],[55.3203194,54.8936467],[55.3869167,54.8581962],[55.4470588,54.8786867],[55.4603738,54.8774155],[55.4931766,54.846032],[55.4928981,54.8197832],[55.4525663,54.8348728],[55.4134528,54.8325133],[55.4090924,54.8073047],[55.4225112,54.7907563],[55.3806288,54.7553013],[55.3846844,54.7380019],[55.4110569,54.7199196],[55.4469945,54.7072544],[55.5743634,54.7145123],[55.6062774,54.7199721],[55.6019618,54.6871366],[55.578593,54.6880285],[55.5732287,54.6673357],[55.6351126,54.6600473],[55.6180418,54.6375158],[55.6336317,54.6049087],[55.6808955,54.6059525],[55.6843679,54.5874269],[55.7123177,54.5410122],[55.6655598,54.5161669],[55.706941,54.5081975],[55.729214,54.5320149],[55.7859811,54.5401181],[55.8062687,54.5341106],[55.7942212,54.5062673],[55.8116353,54.4933068],[55.8050689,54.4662896],[55.8447781,54.4838525],[55.8728238,54.4708425],[55.8937883,54.474631],[55.9179456,54.4471203],[55.9684622,54.4893803],[56.0141518,54.5131061],[56.0127823,54.5314943],[55.9745408,54.5459069],[55.9463981,54.5225308],[55.9121892,54.5069153],[55.8837476,54.5307969],[55.9269256,54.6186609],[55.9308098,54.641935],[55.891022,54.6581115],[55.800074,54.6802329],[55.778613,54.6892235],[55.8089011,54.7174078],[55.7975207,54.7515424],[55.835953,54.762681],[55.8520523,54.7785142],[55.8447084,54.7943621],[55.8946102,54.7982558],[55.9073382,54.8148972],[55.9669252,54.8091775],[55.98302,54.7767393],[56.0277756,54.8010949],[56.0472874,54.8282761],[56.0538764,54.8745669],[55.9944367,54.9080478],[55.9737463,54.9156502],[55.9541575,54.9419496],[55.9543327,54.9670734],[55.9279326,54.9770047]]],[[[56.0502132,54.5845302],[56.0023482,54.6367955],[56.0017535,54.6467643],[55.9319863,54.6417871],[55.9274258,54.5936574],[55.9135415,54.5758792],[55.950539,54.5684008],[55.9741154,54.5477867],[56.0625787,54.5230911],[56.0698498,54.5438509],[56.02382,54.5680469],[56.0502132,54.5845302]]],[[[56.2985557,54.8542172],[56.2486301,54.8264716],[56.229483,54.8070493],[56.2473875,54.7998376],[56.2624661,54.7663694],[56.225513,54.7240335],[56.1729774,54.7037683],[56.1984427,54.6657132],[56.1564398,54.6633726],[56.1631428,54.6207144],[56.2077599,54.6231325],[56.248355,54.6463054],[56.2427554,54.6672981],[56.327507,54.6967248],[56.2710714,54.7428694],[56.3509596,54.7860415],[56.3367319,54.8283194],[56.2985557,54.8542172]]],[[[56.1521116,54.9381372],[56.1618761,54.9160861],[56.1406186,54.8979481],[56.2060552,54.8960712],[56.2570645,54.8995725],[56.2827257,54.8708213],[56.3232381,54.8702405],[56.3647899,54.9005769],[56.3440562,54.9185932],[56.3463389,54.9385336],[56.3311882,54.9614159],[56.2807937,54.9632976],[56.2589648,54.9750921],[56.181235,54.9528714],[56.1521116,54.9381372]]]]},"properties":{"name":"Уфимский район"}},
{"type":"Feature","geometry":{"type":"Polygon","coordinates":[[[54.1983691,55.2024506],[54.2192655,55.1913148],[54.1825563,55.1458961],[54.1596246,55.1332222],[54.1734751,55.1027879],[54.2302277,55.1054764],[54.2079909,55.0535867],[54.2277486,55.0442144],[54.2083139,55.0278007],[54.2493662,55.022928],[54.3051025,55.0522258],[54.3192061,55.0318073],[54.3011965,55.0126858],[54.3587854,54.9687587],[54.3379759,54.9543479],[54.3333486,54.9268179],[54.3772492,54.9047247],[54.3976091,54.9226054],[54.4316728,54.9344413],[54.4573158,54.9528724],[54.5006037,54.9412907],[54.5557266,54.9402547],[54.5584402,54.9522189],[54.6285394,54.9647561],[54.6896901,54.9864356],[54.6932159,54.966663],[54.7124299,54.9540919],[54.798564,54.9367934],[54.8278687,54.9474147],[54.8852334,54.9528512],[54.9318069,54.9641259],[54.9292536,54.9950531],[54.9172743,55.0171067],[54.9156332,55.0551986],[55.0352602,55.0511787],[55.0718606,55.0859797],[55.0734436,55.1112971],[55.1091521,55.1265318],[55.0509318,55.1524918],[54.9960571,55.1558063],[54.9421238,55.1495162],[54.9561786,55.1838832],[54.9114036,55.1895333],[54.9023057,55.2389964],[54.8806672,55.2464904],[54.8487056,55.2226091],[54.8261764,55.2436327],[54.8880228,55.2619816],[54.8832403,55.274215],[54.8263805,55.2977839],[54.8537972,55.3139468],[54.8490887,55.3284965],[54.806883,55.3415999],[54.7813294,55.331439],[54.7180512,55.3399972],[54.6444378,55.3548543],[54.5970356,55.338323],[54.6329123,55.3288147],[54.6351403,55.2947669],[54.5900823,55.2558404],[54.5607221,55.2554063],[54.540157,55.2677029],[54.4958613,55.2604688],[54.478836,55.2694489],[54.4281892,55.2598752],[54.4139174,55.2388486],[54.3813675,55.2336857],[54.329829,55.2119599],[54.2965121,55.2098887],[54.2716766,55.2195198],[54.1983691,55.2024506]]]},"properties":{"name":"Чекмагушевский район"}},
{"type":"Feature","geometry":{"type":"Polygon","coordinates":[[[54.798564,54.9367934],[54.7991843,54.9236023],[54.7236192,54.9297553],[54.6859156,54.9052573],[54.6962464,54.8858477],[54.7407503,54.868041],[54.7461352,54.8488393],[54.7171463,54.8212365],[54.6844097,54.8149906],[54.6376959,54.8277881],[54.5771322,54.8637383],[54.5437176,54.8497505],[54.6211053,54.8027874],[54.6781718,54.7886259],[54.658703,54.7534894],[54.5793642,54.7524008],[54.5259404,54.7227597],[54.5368358,54.7130028],[54.6100946,54.6999642],[54.6588813,54.7048258],[54.6832585,54.6872953],[54.6504949,54.6797404],[54.6548556,54.6544159],[54.7224674,54.6527777],[54.7094026,54.5984917],[54.6579479,54.5552803],[54.7754177,54.5425168],[54.7633296,54.510142],[54.7931176,54.4920837],[54.7665882,54.4733045],[54.7697343,54.4451909],[54.8182122,54.4828703],[54.8586367,54.4598759],[55.0130842,54.4615112],[55.0138098,54.4973655],[55.059818,54.503667],[55.0865972,54.491997],[55.0750932,54.4698977],[55.1212701,54.4694973],[55.1262295,54.5022528],[55.1142025,54.5173949],[55.120395,54.5557822],[55.0651073,54.5949297],[55.1398412,54.6128934],[55.1076988,54.6450639],[55.1536688,54.6494668],[55.1711906,54.6795294],[55.2297123,54.6862004],[55.20952,54.712072],[55.2310173,54.7374524],[55.2602919,54.7401443],[55.2572539,54.7669743],[55.2287118,54.7923927],[55.2784614,54.8149631],[55.2498295,54.821961],[55.2565536,54.8593234],[55.2314472,54.8975638],[55.1208114,54.9486149],[55.0105118,54.9512997],[54.9976811,54.9274119],[54.9452662,54.9151758],[54.9318069,54.9641259],[54.8852334,54.9528512],[54.8278687,54.9474147],[54.798564,54.9367934]]]},"properties":{"name":"Благоварский район"}},
{"type":"Feature","geometry":{"type":"Polygon","coordinates":[[[54.8586367,54.4598759],[54.8581114,54.4356181],[54.9095534,54.4263199],[54.929906,54.4383987],[54.9972052,54.4435065],[55.0054888,54.4208711],[55.0277315,54.4211727],[55.0267996,54.3844858],[55.1189673,54.3750721],[55.1711776,54.3734437],[55.2526886,54.3344408],[55.2978122,54.3014168],[55.3621151,54.3028691],[55.3625323,54.2914933],[55.4993554,54.2897037],[55.5217842,54.3034303],[55.5469644,54.3034273],[55.5709548,54.2917996],[55.6062323,54.3014934],[55.633853,54.3210238],[55.652946,54.3549644],[55.6475364,54.3845068],[55.6908826,54.3995905],[55.7436395,54.4071258],[55.7607348,54.4220191],[55.8008333,54.4309451],[55.8143717,54.4487997],[55.8050689,54.4662896],[55.8116353,54.4933068],[55.7942212,54.5062673],[55.8062687,54.5341106],[55.7859811,54.5401181],[55.729214,54.5320149],[55.706941,54.5081975],[55.6655598,54.5161669],[55.7123177,54.5410122],[55.6843679,54.5874269],[55.6808955,54.6059525],[55.6336317,54.6049087],[55.6180418,54.6375158],[55.6351126,54.6600473],[55.5732287,54.6673357],[55.578593,54.6880285],[55.6019618,54.6871366],[55.6062774,54.7199721],[55.5743634,54.7145123],[55.4469945,54.7072544],[55.4110569,54.7199196],[55.3846844,54.7380019],[55.3806288,54.7553013],[55.4225112,54.7907563],[55.4090924,54.8073047],[55.3493958,54.816566],[55.3185815,54.7863498],[55.2287118,54.7923927],[55.2572539,54.7669743],[55.2602919,54.7401443],[55.2310173,54.7374524],[55.20952,54.712072],[55.2297123,54.6862004],[55.1711906,54.6795294],[55.1536688,54.6494668],[55.1076988,54.6450639],[55.1398412,54.6128934],[55.0651073,54.5949297],[55.120395,54.5557822],[55.1142025,54.5173949],[55.1262295,54.5022528],[55.1212701,54.4694973],[55.0750932,54.4698977],[55.0865972,54.491997],[55.059818,54.503667],[55.0138098,54.4973655],[55.0130842,54.4615112],[54.8586367,54.4598759]]]},"properties":{"name":"Чишминский район"}},
{"type":"Feature","geometry":{"type":"Polygon","coordinates":[[[55.5469644,54.3034273],[55.5333659,54.2820392],[55.542035,54.2580963],[55.5365145,54.2202787],[55.5671077,54.2235685],[55.6189881,54.2496089],[55.6481327,54.2577208],[55.7168742,54.2580774],[55.7275555,54.2460427],[55.7739427,54.2431449],[55.7952215,54.2520962],[55.8599268,54.2463547],[55.9037963,54.2799982],[55.9883177,54.2871002],[56.0105325,54.279241],[56.004699,54.2607518],[56.0583693,54.2474246],[56.0948429,54.2175161],[56.0860643,54.1859058],[56.0628084,54.1676617],[56.1024346,54.1554598],[56.155111,54.1727336],[56.1823103,54.1520839],[56.2153838,54.1612994],[56.2729673,54.1631979],[56.3048711,54.1709457],[56.3284289,54.1418241],[56.373418,54.144047],[56.3987373,54.1688652],[56.3954658,54.1811875],[56.4415725,54.2128343],[56.4581883,54.2737345],[56.4982222,54.2973938],[56.4976444,54.317984],[56.5153026,54.3496034],[56.4719381,54.3806315],[56.5051448,54.3949062],[56.5075778,54.4141354],[56.4748157,54.4109976],[56.4665507,54.4277686],[56.4827714,54.4470916],[56.4659684,54.472677],[56.5089601,54.4912192],[56.5085183,54.5051375],[56.5752346,54.5205795],[56.5485176,54.5377737],[56.5060459,54.5125643],[56.4036361,54.4746798],[56.3796035,54.4583182],[56.3497344,54.4657017],[56.3239852,54.485451],[56.3689605,54.5087787],[56.3354865,54.5233269],[56.2815849,54.5310971],[56.2716285,54.5477283],[56.2074272,54.5536024],[56.1442137,54.5521178],[56.1052024,54.5673446],[56.1264852,54.5785827],[56.1053508,54.5951689],[56.0889855,54.5929791],[56.0716915,54.5670256],[56.0502132,54.5845302],[56.02382,54.5680469],[56.0698498,54.5438509],[56.0625787,54.5230911],[55.9741154,54.5477867],[55.9745408,54.5459069],[56.0127823,54.5314943],[56.0141518,54.5131061],[55.9684622,54.4893803],[55.9179456,54.4471203],[55.8937883,54.474631],[55.8728238,54.4708425],[55.8447781,54.4838525],[55.8050689,54.4662896],[55.8143717,54.4487997],[55.8008333,54.4309451],[55.7607348,54.4220191],[55.7436395,54.4071258],[55.6908826,54.3995905],[55.6475364,54.3845068],[55.652946,54.3549644],[55.633853,54.3210238],[55.6062323,54.3014934],[55.5709548,54.2917996],[55.5469644,54.3034273]]]},"properties":{"name":"Кармаскалинский район"}},
{"type":"Feature","geometry":{"type":"Polygon","coordinates":[[[56.5485176,54.5377737],[56.5752346,54.5205795],[56.5085183,54.5051375],[56.5089601,54.4912192],[56.4659684,54.472677],[56.4827714,54.4470916],[56.4665507,54.4277686],[56.4748157,54.4109976],[56.5075778,54.4141354],[56.5051448,54.3949062],[56.4719381,54.3806315],[56.5153026,54.3496034],[56.4976444,54.317984],[56.5347682,54.3106135],[56.6129779,54.2738453],[56.6045277,54.2511953],[56.6857328,54.2360184],[56.7806863,54.2305778],[56.7896379,54.2494863],[56.83016,54.2593508],[56.9374378,54.2287869],[57.0084207,54.2211134],[57.0907712,54.2210625],[57.1415825,54.2318542],[57.1443441,54.2460615],[57.1783555,54.2690678],[57.1829701,54.2945973],[57.1414183,54.3166164],[57.1746275,54.3530102],[57.194389,54.3404053],[57.2258365,54.4155725],[57.2412003,54.5462016],[57.2066291,54.5528559],[57.278253,54.6111254],[57.2775198,54.6287279],[57.3306716,54.6530258],[57.393755,54.6615778],[57.4116847,54.6727212],[57.434446,54.7176212],[57.3967202,54.7192793],[57.3871899,54.7356444],[57.340314,54.7437031],[57.2463869,54.7696024],[57.2398362,54.7635048],[57.1604918,54.770098],[57.0893468,54.7817582],[57.0817206,54.7648159],[57.1025968,54.7332213],[57.1489664,54.7463922],[57.1638024,54.7227114],[57.1303179,54.6945708],[57.0929211,54.6819186],[57.0956427,54.6677954],[57.0429283,54.6744001],[56.9863108,54.6599523],[56.9620218,54.6728529],[56.9639395,54.6945711],[56.9921875,54.7276212],[56.9223856,54.7343414],[56.9339969,54.7660418],[56.850042,54.7928222],[56.8566035,54.7717047],[56.8098735,54.7568265],[56.8081951,54.7279011],[56.82866,54.719952],[56.7965078,54.6970929],[56.7794122,54.6967183],[56.7677305,54.7261073],[56.7387677,54.7085932],[56.7334594,54.6869325],[56.751598,54.6685583],[56.6983044,54.6709469],[56.6774417,54.6549892],[56.6361829,54.6591326],[56.6342533,54.6035501],[56.6113563,54.5972181],[56.5862724,54.5642007],[56.5941151,54.54317],[56.5485176,54.5377737]]]},"properties":{"name":"Архангельский район"}},
{"type":"Feature","geometry":{"type":"Polygon","coordinates":[[[56.9829162,53.8384495],[56.9846642,53.8204748],[56.9454015,53.8013411],[56.9487079,53.7697061],[56.9386341,53.7345187],[57.1123482,53.7441364],[57.1710802,53.7379749],[57.1498405,53.6640261],[57.1644476,53.5999715],[57.2071243,53.5995709],[57.1948967,53.5679652],[57.2323625,53.567249],[57.2496584,53.5497124],[57.2937535,53.5538054],[57.2864751,53.5253245],[57.3103229,53.5069474],[57.3539473,53.4965771],[57.3766766,53.4792574],[57.3593023,53.4355134],[57.342472,53.3761459],[57.3788183,53.3742815],[57.3910956,53.3626426],[57.5085198,53.3698616],[57.5173343,53.3606703],[57.559597,53.3912889],[57.5910443,53.4015424],[57.6099234,53.4230633],[57.6376119,53.4044743],[57.7301889,53.4021774],[57.7238155,53.4237111],[57.7290281,53.4603967],[57.7584011,53.4740601],[57.8364642,53.4908836],[57.8595825,53.4904218],[57.900612,53.5081039],[57.9500689,53.4969926],[57.9640562,53.5134301],[57.9754408,53.5696998],[58.0125957,53.5746464],[58.0231234,53.6085712],[58.0060995,53.6108969],[58.0149547,53.6496727],[58.0460996,53.6468669],[58.040311,53.6282669],[58.0966592,53.620316],[58.1010631,53.6388391],[58.1899727,53.6288224],[58.1845001,53.6100911],[58.2874465,53.6032744],[58.302457,53.6514598],[58.3315584,53.6484459],[58.3590479,53.7093412],[58.375899,53.7142352],[58.3911235,53.7394959],[58.3753212,53.7458244],[58.388592,53.7928614],[58.4931892,53.7782223],[58.4682753,53.7250352],[58.4531691,53.7275997],[58.4370559,53.6941258],[58.4787253,53.6885938],[58.4984363,53.7422988],[58.5240469,53.7770395],[58.559962,53.7862185],[58.6587172,53.7736405],[58.646692,53.7964796],[58.671315,53.7981936],[58.6847263,53.8184416],[58.7078199,53.8896584],[58.654732,53.8861534],[58.6539978,53.9115387],[58.6179147,53.9148036],[58.5761025,53.938881],[58.5851395,53.9993585],[58.6147856,54.0332608],[58.6334791,54.0361378],[58.6386742,54.0685329],[58.6584662,54.0922856],[58.7095233,54.123076],[58.7406011,54.1610929],[58.7669236,54.1610775],[58.7833727,54.1819946],[58.806527,54.1841507],[58.8395837,54.2352357],[58.8915079,54.2467184],[58.9072909,54.2720577],[58.9707705,54.3013402],[58.9731165,54.3411756],[59.0380411,54.4258319],[59.0105976,54.437237],[58.9684053,54.4147295],[58.9319205,54.4034607],[58.8890221,54.4205006],[58.8944883,54.4381348],[58.9227536,54.4355474],[58.9325333,54.4676116],[58.9538859,54.4658471],[58.9772595,54.504254],[59.002205,54.501485],[59.0399753,54.5195253],[58.9767377,54.5501056],[58.953371,54.584813],[58.9089739,54.5721092],[58.8392469,54.567094],[58.8059124,54.5507813],[58.7740955,54.5528564],[58.7390845,54.5376563],[58.714686,54.4781909],[58.5992717,54.4614327],[58.5653423,54.4759199],[58.4789719,54.5244114],[58.4366878,54.5440952],[58.422745,54.5589965],[58.3859742,54.5605954],[58.3488773,54.551068],[58.2570659,54.5145368],[58.1640136,54.5101204],[58.1684627,54.5024368],[58.1162775,54.4587784],[58.0123553,54.3964611],[57.9840874,54.3965418],[57.9099676,54.4183094],[57.8555382,54.458082],[57.8255755,54.4861729],[57.7534145,54.5026887],[57.7471712,54.543757],[57.7636559,54.5630032],[57.7455824,54.5820449],[57.6268348,54.617943],[57.6036848,54.6779813],[57.5921682,54.6787348],[57.5197504,54.6540872],[57.4850746,54.6699105],[57.5154067,54.6920366],[57.4773158,54.7093039],[57.434446,54.7176212],[57.4116847,54.6727212],[57.393755,54.6615778],[57.3306716,54.6530258],[57.2775198,54.6287279],[57.278253,54.6111254],[57.2066291,54.5528559],[57.2412003,54.5462016],[57.2258365,54.4155725],[57.194389,54.3404053],[57.1746275,54.3530102],[57.1414183,54.3166164],[57.1829701,54.2945973],[57.1783555,54.2690678],[57.1443441,54.2460615],[57.1415825,54.2318542],[57.1179926,54.2052636],[57.1176436,54.1904519],[57.0907074,54.1265216],[57.1267703,54.0779433],[57.1375953,54.0469649],[57.1300565,54.0019829],[57.1333147,53.9776818],[57.1614349,53.9056917],[57.1675229,53.8415413],[57.0720109,53.8425587],[57.0326579,53.8319848],[57.0080859,53.8426694],[56.9829162,53.8384495]],[[57.7392792,54.0315082],[57.7926087,54.0310907],[57.7924566,54.0805625],[57.7591163,54.0844029],[57.7658738,54.1201492],[57.8182482,54.1503381],[57.7970499,54.1657959],[57.8201708,54.1768372],[57.7974314,54.1931002],[57.8209173,54.203619],[57.7980258,54.2199834],[57.8167202,54.236737],[57.8469583,54.2149613],[57.9198215,54.2506202],[57.9821825,54.2661863],[58.0542488,54.2147807],[57.8613827,54.1205616],[57.8835027,54.1042145],[57.8601227,54.0922825],[57.8743137,54.0767805],[57.8467538,54.0241689],[57.816528,54.0262572],[57.8111493,54.007695],[57.750114,54.0216824],[57.7392792,54.0315082]]]},"properties":{"name":"Белорецкий район"}},
{"type":"Feature","geometry":{"type":"Polygon","coordinates":[[[58.953371,54.584813],[58.9767377,54.5501056],[59.0399753,54.5195253],[59.002205,54.501485],[58.9772595,54.504254],[58.9538859,54.4658471],[58.9325333,54.4676116],[58.9227536,54.4355474],[58.8944883,54.4381348],[58.8890221,54.4205006],[58.9319205,54.4034607],[58.9684053,54.4147295],[59.0105976,54.437237],[59.0380411,54.4258319],[58.9731165,54.3411756],[58.9707705,54.3013402],[58.9072909,54.2720577],[58.8915079,54.2467184],[58.8395837,54.2352357],[58.806527,54.1841507],[58.7833727,54.1819946],[58.7669236,54.1610775],[58.7406011,54.1610929],[58.7095233,54.123076],[58.6584662,54.0922856],[58.6386742,54.0685329],[58.6334791,54.0361378],[58.6147856,54.0332608],[58.5851395,53.9993585],[58.5761025,53.938881],[58.6179147,53.9148036],[58.6539978,53.9115387],[58.654732,53.8861534],[58.7078199,53.8896584],[58.7624322,53.8885046],[58.8723485,53.8540654],[58.9090356,53.8567302],[58.9365886,53.8940231],[58.9648984,53.9078593],[58.9421217,53.9315395],[58.9106186,53.9287719],[58.9291364,53.9564969],[58.9521249,53.967353],[59.0002316,53.951602],[59.0513172,53.9707598],[59.0904834,53.9673546],[59.108752,53.9562357],[59.1881846,54.0035948],[59.1922282,54.0245082],[59.2247943,54.0652177],[59.2365015,54.0696878],[59.2848178,54.1498827],[59.3092963,54.1624416],[59.3256543,54.1877931],[59.3789009,54.1729257],[59.3991222,54.1835688],[59.4706428,54.1876139],[59.5253477,54.1861246],[59.5603639,54.172188],[59.6623714,54.1427667],[59.7075963,54.1417713],[59.7054269,54.1799537],[59.7152179,54.19512],[59.7763075,54.2264641],[59.7892914,54.2443443],[59.7550934,54.3146165],[59.6717898,54.3396502],[59.7258546,54.3848832],[59.7360713,54.400688],[59.7399009,54.4556587],[59.6702954,54.469334],[59.6668889,54.490673],[59.6822137,54.5224423],[59.7922604,54.5723056],[59.8537755,54.6090243],[59.8971963,54.6846427],[59.897268,54.704534],[59.9469169,54.7698728],[59.9289603,54.7876295],[59.9382736,54.8178924],[60.0018089,54.8641348],[59.915283,54.869936],[59.8754793,54.8384325],[59.7767118,54.860409],[59.7369062,54.8857386],[59.6973143,54.885951],[59.6419701,54.9087794],[59.6179759,54.9061115],[59.6008896,54.8670056],[59.5368198,54.8414086],[59.5200055,54.7955907],[59.5227732,54.779786],[59.4457196,54.7369474],[59.441463,54.7207169],[59.3810115,54.7026233],[59.2888449,54.6582413],[59.2915049,54.6377817],[59.2642233,54.6184889],[59.1523117,54.6285758],[59.0664722,54.6497677],[59.0034802,54.6179288],[58.953371,54.584813]]]},"properties":{"name":"Учалинский район"}},
{"type":"Feature","geometry":{"type":"Polygon","coordinates":[[[57.0943662,52.8702072],[57.1025197,52.8448933],[57.1323599,52.8484728],[57.1342823,52.7738634],[57.1181328,52.7405368],[57.1867581,52.7345527],[57.1745497,52.7017896],[57.1387992,52.7048232],[57.1379721,52.6879296],[57.0327465,52.6882043],[57.0015229,52.6836118],[56.9699477,52.6893903],[56.9531991,52.6668339],[56.957588,52.6530618],[56.904341,52.6331539],[56.9022599,52.6069421],[56.951717,52.5994941],[56.9382381,52.5882295],[56.8908147,52.5781776],[56.9353083,52.5622015],[56.9651412,52.5607514],[56.9385085,52.4641461],[56.9765828,52.4604769],[56.9689437,52.435901],[56.9421885,52.4359567],[56.9689156,52.3761825],[56.9551875,52.3452992],[57.0639607,52.3300337],[57.0566479,52.2989481],[57.0590882,52.2541105],[56.9525362,52.2442921],[56.9508088,52.2094078],[56.9945357,52.219504],[57.0089134,52.1878275],[57.0334233,52.1884205],[57.0466701,52.1653958],[57.0242435,52.144443],[57.0372512,52.1351151],[57.0845373,52.1473366],[57.1454392,52.1054545],[57.1446504,52.0864885],[57.1172839,52.0650554],[57.1077921,52.0455179],[57.1292938,52.0270636],[57.1229756,52.0079299],[57.1540852,51.9943814],[57.3018907,51.982017],[57.318745,51.9706137],[57.3190207,51.9910763],[57.371997,52.0239436],[57.3290599,52.0460459],[57.3346872,52.0613273],[57.3942203,52.0669707],[57.425843,52.0365091],[57.4271101,52.0042102],[57.4900641,52.0046935],[57.5378593,52.0205108],[57.5321059,52.0331633],[57.5735024,52.0378254],[57.5855707,52.027325],[57.5443198,52.0015416],[57.5762095,51.9727375],[57.6429437,51.9655931],[57.6698022,51.9741849],[57.6579885,51.9997474],[57.7945031,52.0001198],[57.8067351,52.0128864],[57.815187,52.0478587],[57.8115473,52.0712437],[57.9329716,52.0753498],[57.9368429,52.0908594],[57.9631642,52.1049735],[58.0035524,52.1124069],[57.9991788,52.12847],[58.0046454,52.1944223],[58.0243725,52.1947855],[58.0523127,52.2234345],[58.1155694,52.2272558],[58.1508084,52.2394249],[58.1508307,52.2693703],[58.184237,52.2721185],[58.1839736,52.2977028],[58.1632418,52.3226758],[58.189781,52.3616549],[58.1950893,52.3726762],[58.1622512,52.3837114],[58.0701765,52.3806227],[58.0654279,52.4072736],[58.0887381,52.4193757],[58.0377094,52.436547],[58.0130511,52.4281847],[57.9183786,52.4078477],[57.9126241,52.3729283],[57.8158772,52.3674786],[57.820419,52.3993324],[57.7577183,52.4116253],[57.7075613,52.378292],[57.6489117,52.3973197],[57.5929114,52.4031111],[57.5443169,52.3982873],[57.5280261,52.4489366],[57.5127277,52.4641764],[57.5265856,52.5091931],[57.5586413,52.5077268],[57.5628495,52.5268373],[57.5978036,52.5255664],[57.6158672,52.5797864],[57.6454511,52.5787493],[57.6774261,52.5924237],[57.6786511,52.6249601],[57.6995821,52.6232991],[57.7579467,52.6343743],[57.7790783,52.6439123],[57.7250998,52.6587674],[57.6855914,52.6297576],[57.669379,52.6566765],[57.6909367,52.6708453],[57.6871554,52.7064887],[57.7034431,52.7288213],[57.6785904,52.7377615],[57.7014621,52.7633547],[57.7198997,52.7603858],[57.7349444,52.7928361],[57.7570571,52.7711486],[57.7862636,52.7823926],[57.8733799,52.7683703],[57.8952275,52.773045],[57.9033654,52.8158826],[57.8690299,52.8219469],[57.8742162,52.8440537],[57.8173175,52.8502547],[57.8230984,52.8690845],[57.8516722,52.8645558],[57.864943,52.9044924],[57.8992182,52.9023713],[57.9082175,52.9357747],[57.8762349,52.9383669],[57.8706452,52.9232376],[57.8376542,52.9254664],[57.851274,52.9664063],[57.8802065,52.9637262],[57.8902197,52.9998915],[57.8291394,53.0019244],[57.817846,52.9694978],[57.7674745,52.9550055],[57.7193641,52.972745],[57.6354428,52.9967493],[57.5839552,52.9753084],[57.5250057,52.9675891],[57.4797805,52.9286836],[57.4581073,52.9031946],[57.3866369,52.9028608],[57.3519936,52.8873886],[57.3402469,52.9388657],[57.223423,52.9297361],[57.1918041,52.9300853],[57.1856234,52.9636062],[57.1495939,52.9627751],[57.1493194,52.9839435],[57.1150824,52.9830965],[57.1176963,52.9455376],[57.0974568,52.9425463],[57.0943662,52.8702072]]]},"properties":{"name":"Зилаирский район"}},
{"type":"Feature","geometry":{"type":"MultiPolygon","coordinates":[[[[57.9500689,53.4969926],[57.9820631,53.4885563],[58.0088423,53.4629125],[58.0488231,53.4708325],[58.0688784,53.4975992],[58.201429,53.4802368],[58.1831456,53.4532442],[58.1836903,53.3967207],[58.1941917,53.3833205],[58.1710628,53.3487063],[58.1020393,53.3366114],[58.0787683,53.3460585],[58.0444932,53.3116289],[58.0904895,53.3029389],[58.0669906,53.2863602],[58.0606152,53.2659692],[58.0396242,53.2472453],[58.0772641,53.2280021],[58.118595,53.2252028],[58.1671977,53.2205591],[58.3135376,53.1628025],[58.3028597,53.1155902],[58.3130692,53.0308233],[58.3899379,53.0279709],[58.504045,53.0160278],[58.6204992,52.9905294],[58.6258409,52.9678074],[58.6866857,52.9538738],[58.727683,52.9488549],[58.7217032,52.8941774],[58.7941178,52.8889157],[58.802945,52.8969939],[58.8123095,52.9403106],[58.8610541,52.9444087],[58.8391271,53.0240174],[58.9521554,53.0197615],[58.98451,53.0213051],[58.9759948,53.0485509],[58.9134139,53.0560534],[58.9110682,53.1912183],[58.9065975,53.2114398],[58.8722749,53.2018174],[58.8742323,53.2765458],[58.9010358,53.2768675],[58.8972227,53.49353],[58.9070142,53.4937962],[58.9063739,53.5477025],[58.8137801,53.5486061],[58.813353,53.5916035],[58.8397874,53.6114181],[58.9068655,53.642514],[58.9091364,53.6914351],[58.8912553,53.7196386],[58.8859328,53.7485872],[58.9040258,53.7519932],[58.9255235,53.7848268],[58.9090356,53.8567302],[58.8723485,53.8540654],[58.7624322,53.8885046],[58.7078199,53.8896584],[58.6847263,53.8184416],[58.671315,53.7981936],[58.646692,53.7964796],[58.6587172,53.7736405],[58.559962,53.7862185],[58.5240469,53.7770395],[58.4984363,53.7422988],[58.4787253,53.6885938],[58.4370559,53.6941258],[58.4531691,53.7275997],[58.4682753,53.7250352],[58.4931892,53.7782223],[58.388592,53.7928614],[58.3753212,53.7458244],[58.3911235,53.7394959],[58.375899,53.7142352],[58.3590479,53.7093412],[58.3315584,53.6484459],[58.302457,53.6514598],[58.2874465,53.6032744],[58.1845001,53.6100911],[58.1899727,53.6288224],[58.1010631,53.6388391],[58.0966592,53.620316],[58.040311,53.6282669],[58.0460996,53.6468669],[58.0149547,53.6496727],[58.0060995,53.6108969],[58.0231234,53.6085712],[58.0125957,53.5746464],[57.9754408,53.5696998],[57.9640562,53.5134301],[57.9500689,53.4969926]]],[[[58.1332186,53.4209496],[58.1350996,53.4195941],[58.1379429,53.4210865],[58.1351105,53.4219337],[58.1332186,53.4209496]]]]},"properties":{"name":"Абзелиловский район"}},
{"type":"Feature","geometry":{"type":"Polygon","coordinates":[[[56.8464474,53.2496279],[56.8871509,53.1990764],[56.8764265,53.1762655],[56.8640167,53.1085723],[56.8788814,53.0472504],[56.8886661,52.9784159],[56.8654221,52.9590039],[56.8680624,52.9347197],[56.8921991,52.9296261],[56.8656393,52.9054902],[56.8876041,52.8903314],[56.8902728,52.859449],[57.0943662,52.8702072],[57.0974568,52.9425463],[57.1176963,52.9455376],[57.1150824,52.9830965],[57.1493194,52.9839435],[57.1495939,52.9627751],[57.1856234,52.9636062],[57.1918041,52.9300853],[57.223423,52.9297361],[57.3402469,52.9388657],[57.3519936,52.8873886],[57.3866369,52.9028608],[57.4581073,52.9031946],[57.4797805,52.9286836],[57.5250057,52.9675891],[57.5839552,52.9753084],[57.6354428,52.9967493],[57.7193641,52.972745],[57.7674745,52.9550055],[57.817846,52.9694978],[57.8291394,53.0019244],[57.8170066,53.0438586],[57.8339651,53.0558553],[57.8195994,53.070314],[57.9064066,53.1118548],[57.91567,53.1221841],[57.9594748,53.1242906],[57.999531,53.1101647],[58.0401591,53.0754881],[58.0690609,53.0949961],[58.1416481,53.1560385],[58.118595,53.2252028],[58.0772641,53.2280021],[58.0396242,53.2472453],[58.0606152,53.2659692],[58.0669906,53.2863602],[58.0904895,53.3029389],[58.0444932,53.3116289],[58.0787683,53.3460585],[58.1020393,53.3366114],[58.1710628,53.3487063],[58.1941917,53.3833205],[58.1836903,53.3967207],[58.1831456,53.4532442],[58.201429,53.4802368],[58.0688784,53.4975992],[58.0488231,53.4708325],[58.0088423,53.4629125],[57.9820631,53.4885563],[57.9500689,53.4969926],[57.900612,53.5081039],[57.8595825,53.4904218],[57.8364642,53.4908836],[57.7584011,53.4740601],[57.7290281,53.4603967],[57.7238155,53.4237111],[57.7301889,53.4021774],[57.6376119,53.4044743],[57.6099234,53.4230633],[57.5910443,53.4015424],[57.559597,53.3912889],[57.5173343,53.3606703],[57.5085198,53.3698616],[57.3910956,53.3626426],[57.3788183,53.3742815],[57.342472,53.3761459],[57.3593023,53.4355134],[57.3766766,53.4792574],[57.3539473,53.4965771],[57.3103229,53.5069474],[57.2864751,53.5253245],[57.2937535,53.5538054],[57.2496584,53.5497124],[57.2323625,53.567249],[57.1948967,53.5679652],[57.2080838,53.5465514],[57.1767802,53.5385694],[57.1574378,53.511849],[57.1208485,53.476914],[57.0962054,53.4734092],[57.0941749,53.4463692],[57.1094158,53.4378322],[57.0542387,53.4059394],[57.0042171,53.4087774],[57.0052191,53.3710041],[56.9578021,53.3706004],[56.9582794,53.3567443],[56.9165544,53.3561353],[56.9226744,53.3149747],[56.8836006,53.3129465],[56.8464474,53.2496279]],[[58.1332186,53.4209496],[58.1351105,53.4219337],[58.1379429,53.4210865],[58.1350996,53.4195941],[58.1332186,53.4209496]]]},"properties":{"name":"Бурзянский район"}},
{"type":"Feature","geometry":{"type":"Polygon","coordinates":[[[55.5501722,53.2149529],[55.6559688,53.2000884],[55.6734097,53.1916469],[55.662242,53.1695445],[55.6289141,53.182256],[55.6079416,53.1508517],[55.606666,53.1175163],[55.6268746,53.0951244],[55.6762676,53.090778],[55.6536943,53.0737762],[55.6609362,53.0607643],[55.6015469,53.0330509],[55.6248912,53.003232],[55.6227678,52.9160698],[55.6279624,52.9025001],[55.6865849,52.8720102],[55.6811624,52.8507959],[55.7569422,52.8611847],[55.7507044,52.8899429],[55.8077511,52.8980018],[55.8436572,52.9267884],[55.8706423,52.9053411],[55.8477891,52.8936025],[55.854564,52.8877851],[55.9128796,52.8956665],[55.9485583,52.8889414],[55.9938332,52.8827613],[55.9799434,52.8699307],[56.0325467,52.8204812],[56.0521114,52.8101762],[56.0847961,52.8528198],[56.1263711,52.8436641],[56.1460542,52.873024],[56.2120954,52.8797634],[56.242617,52.8941063],[56.2778404,52.8782551],[56.3360277,52.9017758],[56.3812352,52.9312816],[56.384887,52.9492522],[56.4276858,52.9543844],[56.4805783,52.9496243],[56.5052491,52.9713732],[56.5075937,52.9939219],[56.5485623,53.0059556],[56.5898493,53.0026909],[56.5891835,52.9748694],[56.61699,52.9551145],[56.6650942,52.9675956],[56.648126,52.9891161],[56.7106912,52.9901417],[56.7233528,52.9657075],[56.7447489,52.9626719],[56.7717662,52.9330543],[56.8266771,52.9023886],[56.8656393,52.9054902],[56.8921991,52.9296261],[56.8680624,52.9347197],[56.8654221,52.9590039],[56.8886661,52.9784159],[56.8788814,53.0472504],[56.8640167,53.1085723],[56.8764265,53.1762655],[56.8871509,53.1990764],[56.8464474,53.2496279],[56.7965695,53.2572039],[56.6590494,53.2624263],[56.5294675,53.2762475],[56.4400293,53.28094],[56.4335768,53.2449532],[56.4901283,53.2403288],[56.4736368,53.1710393],[56.438484,53.1510944],[56.4267472,53.1303201],[56.3885512,53.1305508],[56.3654305,53.1200938],[56.3457286,53.1320114],[56.3194445,53.1231855],[56.2798527,53.1541941],[56.2270039,53.1697987],[56.1960208,53.1644516],[56.1756046,53.1764057],[56.2166548,53.219576],[56.2015334,53.2330529],[55.9653148,53.2314042],[55.9718676,53.249091],[56.0026555,53.2777486],[55.9900363,53.3216126],[55.9506515,53.3361472],[55.8987542,53.3335738],[55.8563189,53.3179285],[55.8449893,53.349752],[55.8242269,53.3555412],[55.8598994,53.3827653],[55.8471639,53.3933887],[55.8020637,53.3838168],[55.7474927,53.384247],[55.7440071,53.3682154],[55.7087009,53.3709307],[55.6722594,53.3408957],[55.6445774,53.3369846],[55.6411203,53.3206552],[55.5690191,53.3252344],[55.5528769,53.2822329],[55.5913708,53.2594241],[55.5858944,53.2313434],[55.5501722,53.2149529]]]},"properties":{"name":"Мелеузовский район"}},
{"type":"Feature","geometry":{"type":"Polygon","coordinates":[[[54.5595335,53.3445165],[54.5713166,53.3192708],[54.5516816,53.2631586],[54.6269367,53.2588481],[54.6375647,53.2362227],[54.615671,53.2168717],[54.6603947,53.2146256],[54.7208075,53.2324335],[54.7559024,53.2333116],[54.8016772,53.2503083],[54.8152606,53.2660196],[54.8698153,53.2355283],[54.8968832,53.2635117],[54.949462,53.2826264],[54.9767359,53.2993992],[54.9934531,53.3343527],[55.0347649,53.3478483],[55.1129272,53.3278246],[55.1631137,53.3258485],[55.2057512,53.3155455],[55.2329074,53.3195354],[55.208843,53.2714171],[55.2233819,53.2447432],[55.2596911,53.2559636],[55.2981174,53.2446223],[55.4055699,53.2382571],[55.4067645,53.2234005],[55.3699516,53.2096744],[55.4618437,53.1995623],[55.4501327,53.1881318],[55.5199005,53.1812117],[55.5305942,53.2043777],[55.5501722,53.2149529],[55.5858944,53.2313434],[55.5913708,53.2594241],[55.5528769,53.2822329],[55.5690191,53.3252344],[55.6411203,53.3206552],[55.6445774,53.3369846],[55.6722594,53.3408957],[55.7087009,53.3709307],[55.6691385,53.4039547],[55.6031639,53.4006023],[55.5612083,53.3922439],[55.5822087,53.369222],[55.5651126,53.3549294],[55.5269216,53.3523741],[55.5269036,53.3696705],[55.5007435,53.3872274],[55.4381808,53.409354],[55.4871532,53.4261323],[55.4761875,53.4411898],[55.5057332,53.4489399],[55.5265277,53.4742425],[55.499462,53.483825],[55.5455354,53.5111795],[55.5207744,53.5240303],[55.4959977,53.5209416],[55.4703462,53.5419543],[55.4189933,53.520248],[55.3723398,53.5536356],[55.4041949,53.5726177],[55.4023009,53.6185535],[55.3422721,53.6256683],[55.3165918,53.6050658],[55.2895268,53.5960798],[55.2306749,53.6315177],[55.1679046,53.5995018],[55.1052855,53.5567198],[55.0934452,53.5135297],[55.0587728,53.4951661],[55.0766278,53.4666577],[55.0385612,53.4564938],[55.0224729,53.4334826],[54.9771636,53.4104296],[54.958134,53.4204285],[54.9283905,53.408693],[54.8332829,53.3827957],[54.8131478,53.3662632],[54.7565639,53.3723235],[54.7096572,53.3693562],[54.651318,53.357759],[54.5595335,53.3445165]]]},"properties":{"name":"Стерлибашевский район"}},
{"type":"Feature","geometry":{"type":"MultiPolygon","coordinates":[[[[55.2306749,53.6315177],[55.2895268,53.5960798],[55.3165918,53.6050658],[55.3422721,53.6256683],[55.4023009,53.6185535],[55.4041949,53.5726177],[55.3723398,53.5536356],[55.4189933,53.520248],[55.4703462,53.5419543],[55.4959977,53.5209416],[55.5207744,53.5240303],[55.5455354,53.5111795],[55.499462,53.483825],[55.5265277,53.4742425],[55.5057332,53.4489399],[55.4761875,53.4411898],[55.4871532,53.4261323],[55.4381808,53.409354],[55.5007435,53.3872274],[55.5269036,53.3696705],[55.5269216,53.3523741],[55.5651126,53.3549294],[55.5822087,53.369222],[55.5612083,53.3922439],[55.6031639,53.4006023],[55.6691385,53.4039547],[55.7087009,53.3709307],[55.7440071,53.3682154],[55.7474927,53.384247],[55.8020637,53.3838168],[55.8471639,53.3933887],[55.842281,53.41207],[55.8742392,53.4438087],[55.9193873,53.4418392],[55.918081,53.4171489],[55.9761429,53.4226866],[55.9686682,53.4345022],[55.9825336,53.4592756],[56.0201807,53.494648],[55.9868952,53.4952483],[55.9695743,53.5109802],[55.9962259,53.5301814],[56.04346,53.5336987],[56.0260284,53.5779187],[56.0236019,53.6019541],[56.0103255,53.5946706],[55.9467788,53.5887645],[55.9232082,53.5786543],[55.8827429,53.6156152],[55.8840656,53.632343],[55.9154704,53.6598537],[55.9215189,53.6901227],[55.938978,53.6895855],[55.9625493,53.7150154],[55.9971475,53.7344208],[56.0167118,53.6974484],[56.0506891,53.6899267],[56.0767306,53.664165],[56.0667543,53.6867212],[56.0963151,53.7125023],[56.1277451,53.7161552],[56.1243386,53.6874775],[56.1649331,53.7016925],[56.1780351,53.7058509],[56.1595637,53.7449033],[56.1367544,53.7554541],[56.1383835,53.7714063],[56.1157218,53.7855107],[56.1623072,53.8234877],[56.2158613,53.8233258],[56.2418702,53.8713313],[56.1772324,53.8954038],[56.1852585,53.9037014],[56.1281213,53.9265849],[56.0750223,53.9255433],[56.0595592,53.8904726],[55.9844748,53.8960625],[55.9554396,53.8850336],[55.9510965,53.8625498],[55.9155223,53.874793],[55.8696786,53.8423665],[55.8493026,53.8150252],[55.8341018,53.7800348],[55.8084093,53.769754],[55.77081,53.7821252],[55.714167,53.7878536],[55.6821667,53.7726698],[55.6402808,53.7826597],[55.5456026,53.7720775],[55.5331362,53.7989171],[55.5501181,53.8275127],[55.5759082,53.8236242],[55.5853253,53.881564],[55.5756192,53.9022516],[55.5220654,53.9099308],[55.5171285,53.9263993],[55.4898522,53.9278931],[55.405417,53.9573474],[55.3200426,53.8822883],[55.3651297,53.8567731],[55.4300067,53.830974],[55.3915785,53.8024613],[55.3576494,53.814281],[55.3237591,53.7906109],[55.3258386,53.7737688],[55.3741865,53.7815499],[55.3717386,53.7546474],[55.3416384,53.7073296],[55.3272811,53.6772897],[55.2720066,53.6600084],[55.2306749,53.6315177]],[[55.9351153,53.5799897],[55.937583,53.5796887],[55.9375856,53.5778601],[55.9354901,53.5778647],[55.9351153,53.5799897]]],[[[56.0874922,53.6838465],[56.0977023,53.6816421],[56.1013541,53.6870833],[56.0963709,53.6899883],[56.0874922,53.6838465]]]]},"properties":{"name":"Стерлитамакский район"}},
{"type":"Feature","geometry":{"type":"Polygon","coordinates":[[[55.9900363,53.3216126],[56.0026555,53.2777486],[55.9718676,53.249091],[55.9653148,53.2314042],[56.2015334,53.2330529],[56.2166548,53.219576],[56.1756046,53.1764057],[56.1960208,53.1644516],[56.2270039,53.1697987],[56.2798527,53.1541941],[56.3194445,53.1231855],[56.3457286,53.1320114],[56.3654305,53.1200938],[56.3885512,53.1305508],[56.4267472,53.1303201],[56.438484,53.1510944],[56.4736368,53.1710393],[56.4901283,53.2403288],[56.4335768,53.2449532],[56.4400293,53.28094],[56.5294675,53.2762475],[56.6590494,53.2624263],[56.7965695,53.2572039],[56.8464474,53.2496279],[56.8836006,53.3129465],[56.9226744,53.3149747],[56.9165544,53.3561353],[56.9582794,53.3567443],[56.9578021,53.3706004],[57.0052191,53.3710041],[57.0042171,53.4087774],[57.0542387,53.4059394],[57.1094158,53.4378322],[57.0941749,53.4463692],[57.0962054,53.4734092],[57.1208485,53.476914],[57.1574378,53.511849],[57.1767802,53.5385694],[57.2080838,53.5465514],[57.1948967,53.5679652],[57.2071243,53.5995709],[57.1644476,53.5999715],[57.1498405,53.6640261],[57.1710802,53.7379749],[57.1123482,53.7441364],[56.9386341,53.7345187],[56.9487079,53.7697061],[56.9454015,53.8013411],[56.9846642,53.8204748],[56.9829162,53.8384495],[56.9450567,53.860829],[56.8637548,53.8170915],[56.7802397,53.8291742],[56.7427513,53.8245642],[56.6455302,53.7966827],[56.6108727,53.8058261],[56.5782687,53.8010973],[56.5545676,53.779572],[56.6476395,53.7629936],[56.6247497,53.7258541],[56.6096396,53.72795],[56.5637675,53.6993155],[56.5438408,53.703017],[56.5336394,53.7468727],[56.4975172,53.7629906],[56.4892955,53.7163391],[56.4670005,53.6926591],[56.3916749,53.6942361],[56.4016154,53.7296131],[56.3474377,53.7341799],[56.3427421,53.7029685],[56.2817951,53.6871066],[56.2655911,53.6625548],[56.2284036,53.6499484],[56.1781531,53.6567223],[56.1876292,53.6843808],[56.1649331,53.7016925],[56.1243386,53.6874775],[56.1277451,53.7161552],[56.0963151,53.7125023],[56.0667543,53.6867212],[56.0767306,53.664165],[56.0192926,53.6575518],[55.993921,53.6444442],[56.0228318,53.6234641],[56.0397413,53.625449],[56.0328473,53.6074077],[56.0236019,53.6019541],[56.0260284,53.5779187],[56.04346,53.5336987],[55.9962259,53.5301814],[55.9695743,53.5109802],[55.9868952,53.4952483],[56.0201807,53.494648],[55.9825336,53.4592756],[55.9686682,53.4345022],[55.9761429,53.4226866],[55.9894721,53.3650902],[55.9995748,53.348948],[55.9715789,53.3424311],[55.9900363,53.3216126]],[[56.0874922,53.6838465],[56.0963709,53.6899883],[56.1013541,53.6870833],[56.0977023,53.6816421],[56.0874922,53.6838465]]]},"properties":{"name":"Ишимбайский район"}},
{"type":"Feature","geometry":{"type":"Polygon","coordinates":[[[53.7829707,53.704404],[53.8242255,53.6874945],[53.8507622,53.6840264],[53.9138049,53.6106259],[53.9800597,53.5435413],[54.0063518,53.5306878],[54.0239324,53.4983772],[54.0417455,53.5005665],[54.0604464,53.4570092],[54.0748136,53.4416628],[54.1384097,53.4000229],[54.1697071,53.3856423],[54.2537106,53.3618512],[54.2875998,53.4000368],[54.3154796,53.4039069],[54.3444786,53.3884186],[54.4019552,53.3693117],[54.490103,53.3629987],[54.4899815,53.412461],[54.4568014,53.4125252],[54.4543593,53.4398],[54.4696994,53.4548293],[54.599331,53.4516991],[54.6002791,53.4738642],[54.623893,53.4735564],[54.6249271,53.5014518],[54.6030369,53.5019131],[54.5964009,53.5510437],[54.5545163,53.5518629],[54.4910741,53.5395664],[54.4777572,53.5567152],[54.4279952,53.5533524],[54.4076093,53.53235],[54.371206,53.5490793],[54.3932686,53.5636007],[54.3751332,53.5837755],[54.3837154,53.6021146],[54.4521388,53.5894523],[54.4553379,53.6050987],[54.4346541,53.6377149],[54.4713884,53.664914],[54.44905,53.6804815],[54.4758284,53.6998329],[54.4625242,53.7509981],[54.4814016,53.795576],[54.491782,53.8034668],[54.4622577,53.8465352],[54.4403716,53.8602777],[54.3768665,53.8728502],[54.3743093,53.8987727],[54.38626,53.9296205],[54.3743797,53.9686714],[54.297684,53.9382483],[54.2222402,53.9448632],[54.2065113,53.9864419],[54.1444653,53.9819992],[54.1197259,53.9645453],[54.1211048,53.9311208],[54.0832237,53.929928],[54.0673585,53.9389885],[54.0228196,53.9288734],[53.9995121,53.9392583],[53.9776729,53.924896],[54.0061379,53.9100348],[54.0303577,53.9098154],[54.0264476,53.8743399],[54.043891,53.8571373],[53.9948535,53.8526774],[53.9753548,53.8321475],[53.9351724,53.8385681],[53.9311865,53.821529],[53.8681365,53.7680686],[53.8326227,53.7585103],[53.7913945,53.7592114],[53.7981347,53.7401342],[53.7829707,53.704404]]]},"properties":{"name":"Бижбулякский район"}},
{"type":"Feature","geometry":{"type":"Polygon","coordinates":[[[54.4814016,53.795576],[54.4625242,53.7509981],[54.4758284,53.6998329],[54.44905,53.6804815],[54.4713884,53.664914],[54.4346541,53.6377149],[54.4553379,53.6050987],[54.4521388,53.5894523],[54.3837154,53.6021146],[54.3751332,53.5837755],[54.3932686,53.5636007],[54.371206,53.5490793],[54.4076093,53.53235],[54.4279952,53.5533524],[54.4777572,53.5567152],[54.4910741,53.5395664],[54.5545163,53.5518629],[54.5964009,53.5510437],[54.6030369,53.5019131],[54.6249271,53.5014518],[54.623893,53.4735564],[54.6002791,53.4738642],[54.599331,53.4516991],[54.4696994,53.4548293],[54.4543593,53.4398],[54.4568014,53.4125252],[54.4899815,53.412461],[54.490103,53.3629987],[54.5475721,53.3551775],[54.5595335,53.3445165],[54.651318,53.357759],[54.7096572,53.3693562],[54.7565639,53.3723235],[54.8131478,53.3662632],[54.8332829,53.3827957],[54.9283905,53.408693],[54.958134,53.4204285],[54.9771636,53.4104296],[55.0224729,53.4334826],[55.0385612,53.4564938],[55.0766278,53.4666577],[55.0587728,53.4951661],[55.0934452,53.5135297],[55.1052855,53.5567198],[55.1679046,53.5995018],[55.2306749,53.6315177],[55.2720066,53.6600084],[55.3272811,53.6772897],[55.3416384,53.7073296],[55.2235177,53.7021372],[55.1949547,53.7281123],[55.2113833,53.7398657],[55.1660838,53.7648187],[55.1247323,53.7629234],[55.0911971,53.7362118],[55.0552351,53.7500753],[55.0570394,53.77794],[55.0888254,53.804376],[55.088898,53.8464241],[55.0193859,53.8713818],[55.019858,53.8460668],[54.98991,53.835224],[54.9859481,53.815314],[54.9573298,53.7990629],[54.8950662,53.8255206],[54.8538638,53.8305375],[54.7690816,53.8275617],[54.7190612,53.8100776],[54.6545697,53.7980722],[54.6330102,53.7715355],[54.5916275,53.7666173],[54.58898,53.7451416],[54.5627779,53.7409293],[54.5453304,53.7592154],[54.5047184,53.7581452],[54.5091662,53.7742741],[54.4814016,53.795576]]]},"properties":{"name":"Миякинский район"}},
{"type":"Feature","geometry":{"type":"Polygon","coordinates":[[[54.38626,53.9296205],[54.3743093,53.8987727],[54.3768665,53.8728502],[54.4403716,53.8602777],[54.4622577,53.8465352],[54.491782,53.8034668],[54.4814016,53.795576],[54.5091662,53.7742741],[54.5047184,53.7581452],[54.5453304,53.7592154],[54.5627779,53.7409293],[54.58898,53.7451416],[54.5916275,53.7666173],[54.6330102,53.7715355],[54.6545697,53.7980722],[54.7190612,53.8100776],[54.7690816,53.8275617],[54.8538638,53.8305375],[54.8950662,53.8255206],[54.9573298,53.7990629],[54.9859481,53.815314],[54.98991,53.835224],[55.019858,53.8460668],[55.0193859,53.8713818],[55.088898,53.8464241],[55.0888254,53.804376],[55.0570394,53.77794],[55.0552351,53.7500753],[55.0911971,53.7362118],[55.1247323,53.7629234],[55.1660838,53.7648187],[55.2113833,53.7398657],[55.1949547,53.7281123],[55.2235177,53.7021372],[55.3416384,53.7073296],[55.3717386,53.7546474],[55.3741865,53.7815499],[55.3258386,53.7737688],[55.3237591,53.7906109],[55.3576494,53.814281],[55.3915785,53.8024613],[55.4300067,53.830974],[55.3651297,53.8567731],[55.3200426,53.8822883],[55.405417,53.9573474],[55.4898522,53.9278931],[55.4833254,53.9726743],[55.4651479,53.9859647],[55.477983,54.0137791],[55.4888116,54.040042],[55.4366834,54.0420054],[55.4239174,54.0551215],[55.3892666,54.0555676],[55.3239524,54.041],[55.2679889,54.0713549],[55.2435044,54.0608897],[55.141392,54.0844618],[55.1530943,54.10505],[55.1203273,54.1197354],[55.1152601,54.1330454],[55.0382109,54.1328523],[55.0331359,54.0934087],[54.9831069,54.1466363],[54.9606913,54.1566982],[54.9374388,54.1489551],[54.9204174,54.1656856],[54.8883502,54.1625714],[54.8707209,54.1792964],[54.7976199,54.1550963],[54.7836381,54.1727139],[54.8526306,54.1965528],[54.8425777,54.2040583],[54.7747786,54.220209],[54.7375686,54.2117902],[54.7160764,54.2240881],[54.6497343,54.194931],[54.6469728,54.2163392],[54.579887,54.2324721],[54.5247246,54.252639],[54.513196,54.2492044],[54.4940147,54.2300499],[54.5097395,54.2127851],[54.5020502,54.1956009],[54.5246286,54.1877239],[54.559624,54.193273],[54.5728204,54.1770984],[54.6022201,54.1690584],[54.531806,54.1412401],[54.5932246,54.0525902],[54.5844549,54.0403411],[54.5962463,54.0073474],[54.6219607,53.9900146],[54.5412799,53.9831507],[54.5133166,53.9751318],[54.5018231,53.956506],[54.4350267,53.9306985],[54.4089898,53.941724],[54.38626,53.9296205]]]},"properties":{"name":"Альшеевский район"}},
{"type":"Feature","geometry":{"type":"Polygon","coordinates":[[[53.779383,54.2633038],[53.8263736,54.2624653],[53.8278492,54.2165267],[53.862462,54.2134448],[53.8615548,54.1780782],[53.8293345,54.1367555],[53.8712182,54.1127622],[53.8328671,54.0625043],[53.8908761,54.043736],[53.886523,54.0026237],[53.8485346,53.9893589],[53.8422591,53.9711358],[53.8536475,53.9518959],[53.9238044,53.9489985],[53.9370855,53.9175112],[53.9093131,53.8994039],[53.9372665,53.8747598],[53.9665262,53.8861209],[53.9556481,53.8996351],[53.9776729,53.924896],[53.9995121,53.9392583],[54.0228196,53.9288734],[54.0673585,53.9389885],[54.0832237,53.929928],[54.1211048,53.9311208],[54.1197259,53.9645453],[54.1444653,53.9819992],[54.2065113,53.9864419],[54.2222402,53.9448632],[54.297684,53.9382483],[54.3743797,53.9686714],[54.38626,53.9296205],[54.4089898,53.941724],[54.4350267,53.9306985],[54.5018231,53.956506],[54.5133166,53.9751318],[54.5412799,53.9831507],[54.6219607,53.9900146],[54.5962463,54.0073474],[54.5844549,54.0403411],[54.5932246,54.0525902],[54.531806,54.1412401],[54.6022201,54.1690584],[54.5728204,54.1770984],[54.559624,54.193273],[54.5246286,54.1877239],[54.5020502,54.1956009],[54.5097395,54.2127851],[54.4940147,54.2300499],[54.513196,54.2492044],[54.527531,54.2771819],[54.4810083,54.2868272],[54.4727668,54.3059999],[54.4412449,54.2946417],[54.4111653,54.315199],[54.3787973,54.3095574],[54.3202442,54.3347604],[54.3111368,54.3519651],[54.3235328,54.372248],[54.3536317,54.3892922],[54.3168405,54.4256348],[54.286943,54.428775],[54.2975229,54.4025428],[54.269177,54.3861075],[54.2294305,54.3395616],[54.1860475,54.3510315],[54.1722301,54.3300577],[54.1579169,54.2857571],[54.0920057,54.2789046],[54.0917161,54.2643638],[54.0376787,54.2687489],[54.0407142,54.2887334],[54.0202646,54.3178949],[53.9998106,54.3313637],[53.9395525,54.3343539],[53.9441707,54.3173135],[53.8976188,54.3203292],[53.8935496,54.3019769],[53.8560684,54.3040391],[53.8238304,54.290949],[53.779383,54.2633038]]]},"properties":{"name":"Белебеевский район"}},
{"type":"Feature","geometry":{"type":"Polygon","coordinates":[[[54.3787973,54.3095574],[54.4111653,54.315199],[54.4412449,54.2946417],[54.4727668,54.3059999],[54.4810083,54.2868272],[54.527531,54.2771819],[54.513196,54.2492044],[54.5247246,54.252639],[54.579887,54.2324721],[54.6469728,54.2163392],[54.6497343,54.194931],[54.7160764,54.2240881],[54.7375686,54.2117902],[54.7747786,54.220209],[54.8425777,54.2040583],[54.8526306,54.1965528],[54.7836381,54.1727139],[54.7976199,54.1550963],[54.8707209,54.1792964],[54.8883502,54.1625714],[54.9204174,54.1656856],[54.9374388,54.1489551],[54.9606913,54.1566982],[54.9831069,54.1466363],[55.0331359,54.0934087],[55.0382109,54.1328523],[55.1152601,54.1330454],[55.1203273,54.1197354],[55.1530943,54.10505],[55.141392,54.0844618],[55.2435044,54.0608897],[55.2679889,54.0713549],[55.3239524,54.041],[55.3892666,54.0555676],[55.4239174,54.0551215],[55.4366834,54.0420054],[55.4888116,54.040042],[55.477983,54.0137791],[55.5119591,54.0238495],[55.5131485,54.0590946],[55.5046164,54.0873861],[55.5442891,54.0835076],[55.5793155,54.092487],[55.5886082,54.1264656],[55.6047973,54.1413267],[55.5650403,54.2022797],[55.5671077,54.2235685],[55.5365145,54.2202787],[55.542035,54.2580963],[55.5333659,54.2820392],[55.5469644,54.3034273],[55.5217842,54.3034303],[55.4993554,54.2897037],[55.3625323,54.2914933],[55.3621151,54.3028691],[55.2978122,54.3014168],[55.2526886,54.3344408],[55.1711776,54.3734437],[55.1189673,54.3750721],[55.0267996,54.3844858],[55.0277315,54.4211727],[55.0054888,54.4208711],[54.9972052,54.4435065],[54.929906,54.4383987],[54.9095534,54.4263199],[54.8581114,54.4356181],[54.8586367,54.4598759],[54.8182122,54.4828703],[54.7697343,54.4451909],[54.7888508,54.4373633],[54.8365432,54.4399182],[54.8305803,54.4106106],[54.7872027,54.405617],[54.7442592,54.4152433],[54.7112666,54.4082918],[54.7231502,54.4434313],[54.6589208,54.4504337],[54.6244044,54.4605591],[54.5897116,54.4231052],[54.5772629,54.4269113],[54.5417087,54.3925226],[54.4937604,54.3589123],[54.407582,54.3290324],[54.3787973,54.3095574]]]},"properties":{"name":"Давлекановский район"}},
{"type":"Feature","geometry":{"type":"Polygon","coordinates":[[[53.9696741,55.8315646],[54.039531,55.8312148],[54.0691954,55.856925],[54.0555686,55.873054],[54.0249937,55.8779604],[54.003809,55.8935542],[54.065839,55.908307],[54.0577833,55.9227842],[54.0260297,55.9236808],[53.9560487,55.9096756],[53.9243308,55.8930589],[53.9307859,55.8635019],[53.9216273,55.8469793],[53.9917501,55.8474494],[53.9696741,55.8315646]]]},"properties":{"name":"городской округ Агидель"}},
{"type":"Feature","geometry":{"type":"Polygon","coordinates":[[[55.8471639,53.3933887],[55.8598994,53.3827653],[55.8242269,53.3555412],[55.8449893,53.349752],[55.8563189,53.3179285],[55.8987542,53.3335738],[55.9506515,53.3361472],[55.9900363,53.3216126],[55.9715789,53.3424311],[55.9995748,53.348948],[55.9894721,53.3650902],[55.9761429,53.4226866],[55.918081,53.4171489],[55.9193873,53.4418392],[55.8742392,53.4438087],[55.842281,53.41207],[55.8471639,53.3933887]]]},"properties":{"name":"городской округ Салават"}},
{"type":"Feature","geometry":{"type":"MultiPolygon","coordinates":[[[[56.0767306,53.664165],[56.0506891,53.6899267],[56.0167118,53.6974484],[55.9971475,53.7344208],[55.9625493,53.7150154],[55.938978,53.6895855],[55.9215189,53.6901227],[55.9154704,53.6598537],[55.8840656,53.632343],[55.8827429,53.6156152],[55.9232082,53.5786543],[55.9467788,53.5887645],[56.0103255,53.5946706],[56.0236019,53.6019541],[56.0328473,53.6074077],[56.0397413,53.625449],[56.0228318,53.6234641],[55.993921,53.6444442],[56.0192926,53.6575518],[56.0767306,53.664165]]],[[[55.9351153,53.5799897],[55.9354901,53.5778647],[55.9375856,53.5778601],[55.937583,53.5796887],[55.9351153,53.5799897]]]]},"properties":{"name":"городской округ Стерлитамак"}},
{"type":"Feature","geometry":{"type":"Polygon","coordinates":[[[57.7392792,54.0315082],[57.750114,54.0216824],[57.8111493,54.007695],[57.816528,54.0262572],[57.8467538,54.0241689],[57.8743137,54.0767805],[57.8601227,54.0922825],[57.8835027,54.1042145],[57.8613827,54.1205616],[58.0542488,54.2147807],[57.9821825,54.2661863],[57.9198215,54.2506202],[57.8469583,54.2149613],[57.8167202,54.236737],[57.7980258,54.2199834],[57.8209173,54.203619],[57.7974314,54.1931002],[57.8201708,54.1768372],[57.7970499,54.1657959],[57.8182482,54.1503381],[57.7658738,54.1201492],[57.7591163,54.0844029],[57.7924566,54.0805625],[57.7926087,54.0310907],[57.7392792,54.0315082]]]},"properties":{"name":"ЗАТО Межгорье"}},
{"type":"Feature","geometry":{"type":"Polygon","coordinates":[[[53.4625421,54.5662027],[53.4324791,54.5713934],[53.4293941,54.5212181],[53.4185747,54.5042686],[53.4346416,54.4809171],[53.4033333,54.4507025],[53.4295404,54.4304591],[53.4439296,54.4178371],[53.4771023,54.4230822],[53.5004071,54.4363866],[53.4997033,54.4598987],[53.5410059,54.4630549],[53.5877331,54.4891335],[53.5529792,54.501416],[53.5496835,54.5321149],[53.5066663,54.5291128],[53.4625421,54.5662027]]]},"properties":{"name":"городской округ Октябрьский"}},
{"type":"Feature","geometry":{"type":"MultiPolygon","coordinates":[[[[58.5847298,52.6899847],[58.6122054,52.6692689],[58.6603007,52.6754047],[58.6855929,52.7017153],[58.7375518,52.7018817],[58.7616893,52.7357212],[58.7625311,52.7602832],[58.6996398,52.7561743],[58.6617007,52.7425396],[58.6083393,52.7513978],[58.5881244,52.7277144],[58.5951591,52.7076844],[58.5847298,52.6899847]]],[[[58.6866857,52.9538738],[58.6944397,52.9210882],[58.687052,52.8905036],[58.6512485,52.8774188],[58.6333757,52.8565551],[58.6463296,52.8359028],[58.6804099,52.8175604],[58.7619006,52.823152],[58.7608004,52.8496324],[58.7941178,52.8889157],[58.7217032,52.8941774],[58.727683,52.9488549],[58.6866857,52.9538738]]]]},"properties":{"name":"городской округ Сибай"}}
]}